t,dt,step,x,y,z,Gamma_x,Gamma_y,Gamma_z,sigma,U_ml_x,U_ml_y,U_ml_z,Gx_ml_x,Gx_ml_y,Gx_ml_z,Gy_ml_x,Gy_ml_y,Gy_ml_z,Gz_ml_x,Gz_ml_y,Gz_ml_z
0.0034223749999999996,0.0034223749999999996,1.0,1.7578086255632976,-1.2445,0.007231790867624131,-0.014576068607045448,-0.0,-0.006796932417257956,0.0684475,0.07994845509529114,0.31726324558258057,-0.8272565007209778,1.057212471961975,0.15466348826885223,-2.42604923248291,3.7627992630004883,-1.4266343116760254,-2.2487027645111084,-2.7074520587921143,-2.649357318878174,0.02666693925857544
0.0034223749999999996,0.0034223749999999996,1.0,1.7532831710178431,-1.2399745454545454,0.007231790867624131,-0.007860594238631021,-0.0,-0.0036654552911227064,0.0684475,0.08007960021495819,0.3174535036087036,-0.8280928134918213,1.0580501556396484,0.15491917729377747,-2.4287939071655273,3.7651119232177734,-1.427987813949585,-2.2525341510772705,-2.710500717163086,-2.650247812271118,0.02703690528869629
0.0034223749999999996,0.0034223749999999996,1.0,1.7479265105354684,-1.2346178849721707,0.007231790867624131,-0.006464725270612689,-0.0,-0.003014550901554843,0.0684475,0.08010180294513702,0.31749215722084045,-0.8282521963119507,1.058192253112793,0.15495248138904572,-2.4293136596679688,3.765578031539917,-1.428260326385498,-2.2532691955566406,-2.711064577102661,-2.650418758392334,0.027138590812683105
0.0034223749999999996,0.0034223749999999996,1.0,1.7417386441161733,-1.2284300185528756,0.007231790867624131,-0.005848903746782488,-0.0,-0.0027273886089361392,0.0684475,0.08014146983623505,0.31756800413131714,-0.8285576105117798,1.0584502220153809,0.15500199794769287,-2.4302968978881836,3.7664711475372314,-1.428767204284668,-2.2546656131744385,-2.7121357917785645,-2.6507556438446045,0.027333319187164307
0.0034223749999999996,0.0034223749999999996,1.0,1.7347195717599582,-1.2214109461966605,0.007231790867624131,-0.005496372598074384,-0.0,-0.0025630006345553715,0.0684475,0.08015024662017822,0.3175971210002899,-0.8286608457565308,1.058509111404419,0.15499059855937958,-2.4306206703186035,3.7668111324310303,-1.4289519786834717,-2.255143165588379,-2.712470531463623,-2.650872230529785,0.027440011501312256
0.0034223749999999996,0.0034223749999999996,1.0,1.7268692934668226,-1.213560667903525,0.007231790867624131,-0.005260210510538429,-0.0,-0.0024528764445714843,0.0684475,0.08014968037605286,0.31762588024139404,-0.8287397623062134,1.0585143566131592,0.15494324266910553,-2.4308485984802246,3.7671191692352295,-1.4290990829467773,-2.255502700805664,-2.7126901149749756,-2.650975465774536,0.02756667137145996
0.0034223749999999996,0.0034223749999999996,1.0,1.718187809236767,-1.2048791836734694,0.007231790867624131,-0.005081659898093018,-0.0,-0.0023696169266199246,0.0684475,0.08014404773712158,0.3176424503326416,-0.8287739753723145,1.058483362197876,0.1548919528722763,-2.430935859680176,3.7672903537750244,-1.4291787147521973,-2.255662441253662,-2.7127559185028076,-2.6510255336761475,0.027668535709381104
0.0034223749999999996,0.0034223749999999996,1.0,1.708675119069791,-1.1953664935064934,0.007231790867624131,-0.004932208364475367,-0.0,-0.0022999265319710045,0.0684475,0.08014325797557831,0.3176719844341278,-0.8288558721542358,1.0584871768951416,0.15484242141246796,-2.4311728477478027,3.7676098346710205,-1.4293327331542969,-2.256037473678589,-2.7129836082458496,-2.6511316299438477,0.02780294418334961
0.0034223749999999996,0.0034223749999999996,1.0,1.6983312229658951,-1.1850225974025974,0.007231790867624131,-0.004796133629959571,-0.0,-0.0022364738411848805,0.0684475,0.08012095093727112,0.3176756203174591,-0.8288143873214722,1.058353066444397,0.15473930537700653,-2.431004524230957,3.767608642578125,-1.4292945861816406,-2.255852699279785,-2.7127504348754883,-2.651103973388672,0.027902841567993164
0.0034223749999999996,0.0034223749999999996,1.0,1.6871561209250787,-1.173847495361781,0.007231790867624131,-0.00466396062614276,-0.0,-0.0021748405573037517,0.0684475,0.08010692894458771,0.317685604095459,-0.8288112878799438,1.058271050453186,0.1546628326177597,-2.430964946746826,3.767695903778076,-1.4293155670166016,-2.255843162536621,-2.7126715183258057,-2.6511142253875732,0.028003334999084473
0.0034223749999999996,0.0034223749999999996,1.0,1.675149812947342,-1.1618411873840444,0.007231790867624131,-0.004529641887594526,-0.0,-0.002112206700884991,0.0684475,0.08008971810340881,0.31768783926963806,-0.8287808299064636,1.0581681728363037,0.15458516776561737,-2.430842876434326,3.7676920890808105,-1.4292867183685303,-2.2557058334350586,-2.71250319480896,-2.6510937213897705,0.028081238269805908
0.0034223749999999996,0.0034223749999999996,1.0,1.6623122990326855,-1.1490036734693876,0.007231790867624131,-0.004389232333518081,-0.0,-0.0020467326505410163,0.0684475,0.08008034527301788,0.31769490242004395,-0.828783392906189,1.0581161975860596,0.15453684329986572,-2.4308252334594727,3.7677512168884277,-1.4293053150177002,-2.2557082176208496,-2.712461233139038,-2.651113748550415,0.028150320053100586
0.0034223749999999996,0.0034223749999999996,1.0,1.6486435791811085,-1.1353349536178108,0.007231790867624131,-0.00424023998038655,-0.0,-0.00197725637526925,0.0684475,0.08008798956871033,0.31770122051239014,-0.8288209438323975,1.058164358139038,0.15455889701843262,-2.430947780609131,3.767838716506958,-1.4293699264526367,-2.2558767795562744,-2.712602376937866,-2.6511518955230713,0.02815955877304077
0.0034223749999999996,0.0034223749999999996,1.0,1.6341436533926113,-1.1208350278293135,0.007231790867624131,-0.00408130354794668,-0.0,-0.0019031430996627036,0.0684475,0.0800885409116745,0.3176928162574768,-0.8288007378578186,1.058166742324829,0.15457575023174286,-2.4308886528015137,3.7677483558654785,-1.429335355758667,-2.2557761669158936,-2.712542772293091,-2.6511294841766357,0.028126537799835205
0.0034223749999999996,0.0034223749999999996,1.0,1.6188125216671938,-1.105503896103896,0.007231790867624131,-0.003912019106268808,-0.0,-0.0018242044681018187,0.0684475,0.0800902396440506,0.3176816403865814,-0.8287756443023682,1.0581753253936768,0.1546017974615097,-2.430816173553467,3.7676331996917725,-1.4292919635772705,-2.2556540966033936,-2.7124738693237305,-2.6510984897613525,0.028079688549041748
0.0034223749999999996,0.0034223749999999996,1.0,1.6026501840048561,-1.0893415584415584,0.007231790867624131,-0.0037328079241005685,-0.0,-0.0017406369214297583,0.0684475,0.08008629083633423,0.3176822364330292,-0.8287705183029175,1.058156132698059,0.15458150207996368,-2.4307899475097656,3.7676331996917725,-1.4292895793914795,-2.255625009536743,-2.71244478225708,-2.651092529296875,0.02809852361679077
0.0034223749999999996,0.0034223749999999996,1.0,1.5856566404055983,-1.0723480148423006,0.007231790867624131,-0.0035447619101107563,-0.0,-0.0016529496250207868,0.0684475,0.08008268475532532,0.3176826536655426,-0.828764021396637,1.058134913444519,0.15456658601760864,-2.430767059326172,3.7676336765289307,-1.429283857345581,-2.2556002140045166,-2.7124123573303223,-2.651088237762451,0.02811431884765625
0.0034223749999999996,0.0034223749999999996,1.0,1.56783189086942,-1.0545232653061223,0.007231790867624131,-0.0033494483413230476,-0.0,-0.001561873412153495,0.0684475,0.08008645474910736,0.31766757369041443,-0.8287296295166016,1.0581541061401367,0.1546061784029007,-2.4306716918945312,3.7674732208251953,-1.4292151927947998,-2.255436897277832,-2.712327718734741,-2.6510419845581055,0.028033435344696045
0.0034223749999999996,0.0034223749999999996,1.0,1.5491759353963217,-1.035867309833024,0.007231790867624131,-0.003148695962198588,-0.0,-0.0014682610403749237,0.0684475,0.08008398115634918,0.317667692899704,-0.8287240862846375,1.0581371784210205,0.15459415316581726,-2.430652618408203,3.7674741744995117,-1.4292075634002686,-2.2554173469543457,-2.7123022079467773,-2.6510348320007324,0.02804398536682129
0.0034223749999999996,0.0034223749999999996,1.0,1.5296887739863032,-1.0163801484230055,0.007231790867624131,-0.0029444013587661853,-0.0,-0.0013729969022746558,0.0684475,0.08008183538913727,0.31766796112060547,-0.8287194967269897,1.0581238269805908,0.1545848697423935,-2.430636405944824,3.7674732208251953,-1.4292027950286865,-2.2553999423980713,-2.712279796600342,-2.651031017303467,0.02805274724960327
0.0034223749999999996,0.0034223749999999996,1.0,1.5093704066393645,-0.9960617810760667,0.007231790867624131,-0.0027383837594003283,-0.0,-0.0012769293179756484,0.0684475,0.08011355996131897,0.3177024722099304,-0.8288892507553101,1.0583245754241943,0.15466676652431488,-2.431197166442871,3.7679011821746826,-1.4294679164886475,-2.2561686038970947,-2.7129149436950684,-2.6512115001678467,0.028088092803955078
0.0034223749999999996,0.0034223749999999996,1.0,1.4882208333555054,-0.9749122077922077,0.007231790867624131,-0.002532294103588623,-0.0,-0.0011808281332041223,0.0684475,0.08010007441043854,0.3176763355731964,-0.8287845253944397,1.0582365989685059,0.1546519547700882,-2.4308629035949707,3.7675912380218506,-1.4292881488800049,-2.255690336227417,-2.7125563621520996,-2.651094913482666,0.02801525592803955
0.0034223749999999996,0.0034223749999999996,1.0,1.4662400541347262,-0.9529314285714284,0.007231790867624131,-0.0023275679387679163,-0.0,-0.0010853627547235244,0.0684475,0.08009837567806244,0.3176766633987427,-0.828781247138977,1.0582265853881836,0.15464410185813904,-2.430849552154541,3.767592668533325,-1.4292845726013184,-2.2556777000427246,-2.7125394344329834,-2.6510915756225586,0.0280226469039917
0.0034223749999999996,0.0034223749999999996,1.0,1.4434280689770267,-0.930119443413729,0.007231790867624131,-0.002125406844765234,-0.0,-0.0009910934884090812,0.0684475,0.08009731769561768,0.31767693161964417,-0.8287785053253174,1.0582194328308105,0.15463869273662567,-2.4308438301086426,3.767594575881958,-1.4292798042297363,-2.2556681632995605,-2.7125306129455566,-2.6510872840881348,0.028025269508361816
0.0034223749999999996,0.0034223749999999996,1.0,1.4197848778824071,-0.9064762523191094,0.007231790867624131,-0.0019267756567663773,-0.0,-0.0008984702442967889,0.0684475,0.08012114465236664,0.31768810749053955,-0.8288633227348328,1.0583629608154297,0.1547224223613739,-2.431140422821045,3.7677581310272217,-1.4294054508209229,-2.256054639816284,-2.7128782272338867,-2.651170253753662,0.027993381023406982
0.0034223749999999996,0.0034223749999999996,1.0,1.3953104808508672,-0.8820018552875695,0.007231790867624131,-0.0017324074127440872,-0.0,-0.0008078348436070554,0.0684475,0.08011972904205322,0.31768831610679626,-0.828859806060791,1.0583536624908447,0.15471704304218292,-2.431126594543457,3.7677581310272217,-1.429401159286499,-2.2560408115386963,-2.712862491607666,-2.6511683464050293,0.027999460697174072
0.0034223749999999996,0.0034223749999999996,1.0,1.3700048778824072,-0.8566962523191094,0.007231790867624131,-0.0015428117706533634,-0.0,-0.0007194249437473369,0.0684475,0.08011795580387115,0.3176884055137634,-0.8288564682006836,1.0583431720733643,0.15470851957798004,-2.4311137199401855,3.76775860786438,-1.4293994903564453,-2.256026029586792,-2.712844133377075,-2.6511647701263428,0.028008639812469482
0.0034223749999999996,0.0034223749999999996,1.0,1.3438680689770268,-0.8305594434137291,0.007231790867624131,-0.0013582849395200082,-0.0,-0.000633378669254779,0.0684475,0.08011619746685028,0.3176884651184082,-0.8288534879684448,1.0583326816558838,0.15470197796821594,-2.4311022758483887,3.7677550315856934,-1.4293992519378662,-2.2560129165649414,-2.7128288745880127,-2.6511638164520264,0.028018295764923096
0.0034223749999999996,0.0034223749999999996,1.0,1.3169000541347262,-0.8035914285714285,0.007231790867624131,-0.0011789202750650816,-0.0,-0.000549739552617045,0.0684475,0.08011478185653687,0.31768831610679626,-0.8288508653640747,1.0583245754241943,0.15469421446323395,-2.431093692779541,3.7677574157714844,-1.429398536682129,-2.256002902984619,-2.7128140926361084,-2.6511592864990234,0.028025567531585693
0.0034223749999999996,0.0034223749999999996,1.0,1.2891008333555056,-0.7757922077922077,0.007231790867624131,-0.0010046191214884992,-0.0,-0.00046846158987903417,0.0684475,0.08007088303565979,0.31763243675231934,-0.8285946249961853,1.0580507516860962,0.15459609031677246,-2.430245876312256,3.767068862915039,-1.4289875030517578,-2.254826784133911,-2.7118704319000244,-2.650888204574585,0.027932941913604736
0.0034223749999999996,0.0034223749999999996,1.0,1.2604704066393644,-0.7471617810760667,0.007231790867624131,-0.0008351016257780766,-0.0,-0.00038941428343800693,0.0684475,0.08009101450443268,0.3176722526550293,-0.8287533521652222,1.0581841468811035,0.15462036430835724,-2.4307518005371094,3.7675323486328125,-1.429241418838501,-2.2555480003356934,-2.712430238723755,-2.651063919067383,0.02802640199661255
0.0034223749999999996,0.0034223749999999996,1.0,1.2310087739863034,-0.7177001484230054,0.007231790867624131,-0.0006699173302984176,-0.0,-0.00031238758144890385,0.0684475,0.08009776473045349,0.3176495432853699,-0.8287053108215332,1.0582234859466553,0.15468455851078033,-2.4306282997131348,3.7673001289367676,-1.4291455745697021,-2.2553231716156006,-2.712333917617798,-2.650989532470703,0.027902722358703613
0.0034223749999999996,0.0034223749999999996,1.0,1.2007159353963217,-0.687407309833024,0.007231790867624131,-0.0005084554689461713,-0.0,-0.0002370966790003908,0.0684475,0.08009648323059082,0.31764981150627136,-0.8287015557289124,1.0582131147384644,0.15467676520347595,-2.4306178092956543,3.7672994136810303,-1.4291393756866455,-2.255312442779541,-2.712317943572998,-2.6509828567504883,0.027907133102416992
0.0034223749999999996,0.0034223749999999996,1.0,1.1695918908694203,-0.6562832653061225,0.007231790867624131,-0.00034995510417594813,-0.0,-0.00016318674508767497,0.0684475,0.08012202382087708,0.3176879584789276,-0.8288643956184387,1.0583703517913818,0.15472590923309326,-2.4311418533325195,3.767759323120117,-1.4294047355651855,-2.256058931350708,-2.712885856628418,-2.6511709690093994,0.027985334396362305
0.0034223749999999996,0.0034223749999999996,1.0,1.1376366404055982,-0.6243280148423005,0.007231790867624131,-0.00019351559191485012,-0.0,-9.023780248229215e-5,0.0684475,0.08012112975120544,0.31768834590911865,-0.8288612365722656,1.0583637952804565,0.15472184121608734,-2.4311347007751465,3.7677600383758545,-1.429398775100708,-2.2560505867004395,-2.712874412536621,-2.651167869567871,0.027986645698547363
0.0034223749999999996,0.0034223749999999996,1.0,1.1048501840048561,-0.5915415584415583,0.007231790867624131,-3.810841874618607e-5,-0.0,-1.7770247501524078e-5,0.0684475,0.08012022078037262,0.3176886737346649,-0.8288586139678955,1.0583570003509521,0.15471792221069336,-2.431126117706299,3.767759323120117,-1.429391860961914,-2.2560410499572754,-2.7128634452819824,-2.6511666774749756,0.02798694372177124
0.0034223749999999996,0.0034223749999999996,1.0,1.0712325216671938,-0.5579238961038959,0.007231790867624131,0.00011740765527797326,0.0,5.474808878214108e-5,0.0684475,0.08011862635612488,0.3176887631416321,-0.8288556337356567,1.058347225189209,0.15470974147319794,-2.431112289428711,3.767759323120117,-1.4293899536132812,-2.2560293674468994,-2.7128474712371826,-2.6511623859405518,0.02799534797668457
0.0034223749999999996,0.0034223749999999996,1.0,1.0367836533926111,-0.5234750278293134,0.007231790867624131,0.0002742647742241252,0.0,0.00012789176458286128,0.0684475,0.08011701703071594,0.3176887035369873,-0.8288528919219971,1.0583374500274658,0.1547030210494995,-2.431100845336914,3.767759323120117,-1.4293880462646484,-2.2560157775878906,-2.7128331661224365,-2.6511616706848145,0.028004109859466553
0.0034223749999999996,0.0034223749999999996,1.0,1.0015035791811084,-0.4881949536178106,0.007231790867624131,0.0004337517264113444,0.0,0.0002022617517635617,0.0684475,0.08011561632156372,0.3176887333393097,-0.8288502097129822,1.0583292245864868,0.15469658374786377,-2.4310927391052246,3.76775860786438,-1.4293878078460693,-2.256005048751831,-2.7128186225891113,-2.6511595249176025,0.028011679649353027
0.0034223749999999996,0.0034223749999999996,1.0,0.9653922990326855,-0.4520836734693877,0.007231790867624131,0.0005971574525257507,0.0,0.0002784590932370876,0.0684475,0.08011454343795776,0.31768879294395447,-0.8288480639457703,1.0583219528198242,0.15469220280647278,-2.4310832023620605,3.7677574157714844,-1.4293842315673828,-2.255995035171509,-2.7128069400787354,-2.6511571407318115,0.02801591157913208
0.0034223749999999996,0.0034223749999999996,1.0,0.9284498129473423,-0.4151411873840446,0.007231790867624131,0.0007656755162967168,0.0,0.00035704035691094154,0.0684475,0.080113485455513,0.3176889419555664,-0.8288458585739136,1.0583157539367676,0.1546875387430191,-2.4310765266418457,3.7677581310272217,-1.4293839931488037,-2.255988121032715,-2.712796688079834,-2.651155471801758,0.02802133560180664
0.0034223749999999996,0.0034223749999999996,1.0,0.8906761209250789,-0.37736749536178116,0.007231790867624131,0.0009402402000235786,0.0,0.00043844120577618247,0.0684475,0.08011262118816376,0.3176889717578888,-0.8288440704345703,1.0583100318908691,0.15468347072601318,-2.431070327758789,3.7677578926086426,-1.4293808937072754,-2.255979537963867,-2.712786912918091,-2.651151418685913,0.028024494647979736
0.0034223749999999996,0.0034223749999999996,1.0,0.8520712229658952,-0.3387625974025974,0.007231790867624131,0.0011212417148467454,0.0,0.0005228435982758806,0.0684475,0.08011062443256378,0.3176887631416321,-0.8288419246673584,1.0582993030548096,0.1546739637851715,-2.431058883666992,3.7677555084228516,-1.4293859004974365,-2.2559661865234375,-2.7127702236175537,-2.651151657104492,0.02803969383239746
0.0034223749999999996,0.0034223749999999996,1.0,0.8126351190697911,-0.29932649350649343,0.007231790867624131,0.001308023398336541,0.0,0.0006099413276902555,0.0684475,0.08010897040367126,0.31768858432769775,-0.828839898109436,1.058290719985962,0.15466681122779846,-2.4310483932495117,3.7677531242370605,-1.429387092590332,-2.2559549808502197,-2.712756395339966,-2.6511502265930176,0.028050005435943604
0.0034223749999999996,0.0034223749999999996,1.0,0.7723678092367671,-0.25905918367346925,0.007231790867624131,0.0014979734793177078,0.0,0.0006985165051189357,0.0684475,0.08009572327136993,0.3176010549068451,-0.8285672664642334,1.0581958293914795,0.15475283563137054,-2.430222511291504,3.766777992248535,-1.4289042949676514,-2.2546894550323486,-2.7119269371032715,-2.650813102722168,0.027715086936950684
0.0034223749999999996,0.0034223749999999996,1.0,0.7312692934668227,-0.21796066790352486,0.007231790867624131,0.0016848292214670926,0.0,0.0007856487686534295,0.0684475,0.08009491860866547,0.3176010847091675,-0.8285651206970215,1.058190107345581,0.15474773943424225,-2.4302144050598145,3.766777992248535,-1.4289014339447021,-2.2546799182891846,-2.7119178771972656,-2.650813341140747,0.027718424797058105
0.0034223749999999996,0.0034223749999999996,1.0,0.6893395717599581,-0.1760309461966605,0.007231790867624131,0.001855360360589252,0.0,0.0008651687447799879,0.0684475,0.08009389042854309,0.3176012635231018,-0.8285625576972961,1.0581841468811035,0.1547427475452423,-2.430205821990967,3.7667760848999023,-1.4289002418518066,-2.2546706199645996,-2.711904764175415,-2.650808095932007,0.027723252773284912
0.0034223749999999996,0.0034223749999999996,1.0,0.6465786441161733,-0.13327001855287568,0.007231790867624131,0.001982584397130761,0.0,0.0009244942873206849,0.0684475,0.0800928920507431,0.3176010251045227,-0.8285603523254395,1.0581775903701782,0.15473739802837372,-2.4301986694335938,3.766774892807007,-1.4288995265960693,-2.254662036895752,-2.7118923664093018,-2.650808572769165,0.027729928493499756
0.0034223749999999996,0.0034223749999999996,1.0,0.6029865105354685,-0.08967788497217066,0.007231790867624131,0.0020113643166991707,0.0,0.0009379145842165193,0.0684475,0.08012372255325317,0.31766024231910706,-0.8287985324859619,1.0583829879760742,0.15478003025054932,-2.4309606552124023,3.7674646377563477,-1.4292771816253662,-2.2557435035705566,-2.7127373218536377,-2.6510698795318604,0.02786022424697876
0.0034223749999999996,0.0034223749999999996,1.0,0.5585631710178433,-0.045254545454545436,0.007231790867624131,0.001787468486805609,0.0,0.0008335102441081828,0.0684475,0.08009381592273712,0.31760093569755554,-0.8285583257675171,1.0581989288330078,0.15473505854606628,-2.4301857948303223,3.766770839691162,-1.4288978576660156,-2.2546496391296387,-2.7119040489196777,-2.650813102722168,0.027707695960998535
0.0034223749999999996,0.0034223749999999996,1.0,0.5133086255632978,0.0,0.007231790867624131,1.1102230246251565e-15,1.1102230246251565e-15,1.1102230246251565e-15,0.0684475,0.08014647662639618,0.31777000427246094,-0.8291558623313904,1.0585304498672485,0.15471115708351135,-2.432018280029297,3.7686665058135986,-1.4298911094665527,-2.257359027862549,-2.7138113975524902,-2.651555061340332,0.028255343437194824
0.0034223749999999996,0.0034223749999999996,1.0,0.5585631710178433,0.04525454545454546,0.007231790867624131,-0.001787468486805609,-0.0,-0.0008335102441081828,0.0684475,0.08009496331214905,0.31759652495384216,-0.8285546898841858,1.058190941810608,0.15476129949092865,-2.4301705360412598,3.7666988372802734,-1.4288432598114014,-2.254612684249878,-2.7118990421295166,-2.650824546813965,0.02766096591949463
0.0034223749999999996,0.0034223749999999996,1.0,0.6029865105354685,0.08967788497217068,0.007231790867624131,-0.0020113643166991568,-0.0,-0.0009379145842165128,0.0684475,0.08013397455215454,0.31764987111091614,-0.828786313533783,1.0584385395050049,0.15483616292476654,-2.4309167861938477,3.767345428466797,-1.4292292594909668,-2.2556729316711426,-2.71273136138916,-2.6510956287384033,0.02775716781616211
0.0034223749999999996,0.0034223749999999996,1.0,0.6465786441161735,0.1332700185528757,0.007231790867624131,-0.001982584397130733,-0.0,-0.000924494287320672,0.0684475,0.08009357750415802,0.3175966739654541,-0.8285567164421082,1.0581687688827515,0.15476147830486298,-2.4301810264587402,3.7667038440704346,-1.4288482666015625,-2.2546260356903076,-2.7118868827819824,-2.6508171558380127,0.02768707275390625
0.0034223749999999996,0.0034223749999999996,1.0,0.6893395717599583,0.1760309461966605,0.007231790867624131,-0.0018553603605892244,-0.0,-0.0008651687447799751,0.0684475,0.08009470999240875,0.31759676337242126,-0.8285588026046753,1.0581765174865723,0.15476465225219727,-2.4301891326904297,3.7667081356048584,-1.428851842880249,-2.254636287689209,-2.711899995803833,-2.6508169174194336,0.027682781219482422
0.0034223749999999996,0.0034223749999999996,1.0,0.7312692934668228,0.21796066790352506,0.007231790867624131,-0.0016848292214671477,-0.0,-0.0007856487686534552,0.0684475,0.0800957977771759,0.31759703159332275,-0.8285614252090454,1.0581834316253662,0.1547688990831375,-2.430199146270752,3.766709327697754,-1.4288527965545654,-2.2546470165252686,-2.7119123935699463,-2.650820732116699,0.027676522731781006
0.0034223749999999996,0.0034223749999999996,1.0,0.7723678092367671,0.25905918367346936,0.007231790867624131,-0.0014979734793177078,-0.0,-0.0006985165051189357,0.0684475,0.08009673655033112,0.31759703159332275,-0.8285637497901917,1.0581896305084229,0.15477323532104492,-2.430206298828125,3.766711711883545,-1.428856372833252,-2.2546563148498535,-2.711921453475952,-2.6508233547210693,0.02767360210418701
0.0034223749999999996,0.0034223749999999996,1.0,0.8126351190697912,0.2993264935064935,0.007231790867624131,-0.001308023398336541,-0.0,-0.0006099413276902555,0.0684475,0.08011168241500854,0.3176801800727844,-0.8288328051567078,1.0582797527313232,0.15472088754177094,-2.431016445159912,3.767615556716919,-1.4292869567871094,-2.255880117416382,-2.712747097015381,-2.6511731147766113,0.027961373329162598
0.0034223749999999996,0.0034223749999999996,1.0,0.8520712229658951,0.33876259740259734,0.007231790867624131,-0.0011212417148467727,-0.0,-0.0005228435982758934,0.0684475,0.08011330664157867,0.31768059730529785,-0.8288350105285645,1.058288812637329,0.15472593903541565,-2.4310245513916016,3.7676215171813965,-1.4292852878570557,-2.2558951377868652,-2.712761402130127,-2.6511733531951904,0.0279502272605896
0.0034223749999999996,0.0034223749999999996,1.0,0.8906761209250788,0.377367495361781,0.007231790867624131,-0.0009402402000235511,-0.0,-0.0004384412057761696,0.0684475,0.08011505007743835,0.3176807165145874,-0.8288371562957764,1.0582987070083618,0.1547326147556305,-2.431035041809082,3.7676241397857666,-1.4292843341827393,-2.255911350250244,-2.7127785682678223,-2.6511712074279785,0.027939021587371826
0.0034223749999999996,0.0034223749999999996,1.0,0.9284498129473423,0.41514118738404454,0.007231790867624131,-0.0007656755162967168,-0.0,-0.00035704035691094154,0.0684475,0.08011609315872192,0.31768089532852173,-0.8288394212722778,1.0583057403564453,0.15473537147045135,-2.431044101715088,3.767629384994507,-1.4292898178100586,-2.255920171737671,-2.7127888202667236,-2.651174306869507,0.02793639898300171
0.0034223749999999996,0.0034223749999999996,1.0,0.9653922990326854,0.45208367346938777,0.007231790867624131,-0.000597157452525792,-0.0,-0.0002784590932371069,0.0684475,0.08011706173419952,0.3176811933517456,-0.8288416862487793,1.0583122968673706,0.15473900735378265,-2.4310531616210938,3.767632007598877,-1.4292917251586914,-2.255929946899414,-2.712799310684204,-2.651176691055298,0.027932405471801758
0.0034223749999999996,0.0034223749999999996,1.0,1.0015035791811084,0.4881949536178107,0.007231790867624131,-0.0004337517264113307,-0.0,-0.0002022617517635553,0.0684475,0.08011814951896667,0.3176809847354889,-0.8288440704345703,1.0583200454711914,0.15474340319633484,-2.4310617446899414,3.7676339149475098,-1.429297924041748,-2.25594162940979,-2.7128100395202637,-2.6511783599853516,0.02793020009994507
0.0034223749999999996,0.0034223749999999996,1.0,1.0367836533926111,0.5234750278293134,0.007231790867624131,-0.0002742647742241941,-0.0,-0.0001278917645828934,0.0684475,0.08011947572231293,0.31768110394477844,-0.8288466930389404,1.0583280324935913,0.15474864840507507,-2.4310731887817383,3.7676379680633545,-1.4293010234832764,-2.2559523582458496,-2.712824583053589,-2.651179313659668,0.02792578935623169
0.0034223749999999996,0.0034223749999999996,1.0,1.0712325216671938,0.557923896103896,0.007231790867624131,-0.00011740765527797326,-0.0,-5.474808878214108e-5,0.0684475,0.08012105524539948,0.317681223154068,-0.8288496732711792,1.0583382844924927,0.15475454926490784,-2.4310860633850098,3.767641305923462,-1.4293053150177002,-2.2559683322906494,-2.7128396034240723,-2.651181221008301,0.02791959047317505
0.0034223749999999996,0.0034223749999999996,1.0,1.1048501840048561,0.5915415584415583,0.007231790867624131,3.8108418746172294e-5,0.0,1.7770247501517654e-5,0.0684475,0.08012264966964722,0.3176814019680023,-0.828852653503418,1.0583488941192627,0.1547614336013794,-2.4310975074768066,3.7676453590393066,-1.429309606552124,-2.2559814453125,-2.7128565311431885,-2.6511824131011963,0.02791273593902588
0.0034223749999999996,0.0034223749999999996,1.0,1.1376366404055982,0.6243280148423004,0.007231790867624131,0.00019351559191489143,0.0,9.023780248231142e-5,0.0684475,0.08012345433235168,0.3176814615726471,-0.8288558721542358,1.0583553314208984,0.15476511418819427,-2.4311065673828125,3.767648696899414,-1.4293177127838135,-2.2559919357299805,-2.712869167327881,-2.651188373565674,0.027914106845855713
0.0034223749999999996,0.0034223749999999996,1.0,1.1695918908694203,0.6562832653061225,0.007231790867624131,0.00034995510417593436,0.0,0.00016318674508766854,0.0684475,0.08012431859970093,0.3176811933517456,-0.8288589715957642,1.058362603187561,0.15476934611797333,-2.4311165809631348,3.7676496505737305,-1.429325819015503,-2.2560017108917236,-2.7128782272338867,-2.651191234588623,0.027914226055145264
0.0034223749999999996,0.0034223749999999996,1.0,1.200715935396322,0.6874073098330241,0.007231790867624131,0.0005084554689461988,0.0,0.00023709667900040363,0.0684475,0.08010531961917877,0.3176383674144745,-0.8286899328231812,1.0582525730133057,0.154740571975708,-2.430570602416992,3.767155408859253,-1.4290685653686523,-2.2552316188812256,-2.7123100757598877,-2.6510095596313477,0.027797043323516846
0.0034223749999999996,0.0034223749999999996,1.0,1.2310087739863034,0.7177001484230056,0.007231790867624131,0.0006699173302984452,0.0,0.0003123875814489167,0.0684475,0.08010634779930115,0.3176383376121521,-0.8286941051483154,1.0582618713378906,0.15474480390548706,-2.4305858612060547,3.7671611309051514,-1.4290788173675537,-2.2552478313446045,-2.7123255729675293,-2.6510133743286133,0.027797579765319824
0.0034223749999999996,0.0034223749999999996,1.0,1.2604704066393646,0.7471617810760669,0.007231790867624131,0.0008351016257781179,0.0,0.00038941428343802623,0.0684475,0.08009947836399078,0.3176600933074951,-0.8287415504455566,1.0582176446914673,0.15468835830688477,-2.4307026863098145,3.7673745155334473,-1.4291551113128662,-2.2554588317871094,-2.7124204635620117,-2.651092767715454,0.027907252311706543
0.0034223749999999996,0.0034223749999999996,1.0,1.2891008333555056,0.7757922077922077,0.007231790867624131,0.0010046191214885545,0.0,0.0004684615898790599,0.0684475,0.08007322251796722,0.3176247775554657,-0.8285889625549316,1.0580410957336426,0.1546422392129898,-2.4302167892456055,3.7669460773468018,-1.4289019107818604,-2.254765510559082,-2.711862564086914,-2.6509053707122803,0.02785736322402954
0.0034223749999999996,0.0034223749999999996,1.0,1.3169000541347262,0.8035914285714285,0.007231790867624131,0.0011789202750651364,0.0,0.0005497395526170706,0.0684475,0.08011700212955475,0.31768062710762024,-0.8288452625274658,1.0583149194717407,0.154739648103714,-2.431063175201416,3.767634630203247,-1.4293110370635986,-2.2559397220611572,-2.7128055095672607,-2.651179075241089,0.027948617935180664
0.0034223749999999996,0.0034223749999999996,1.0,1.3438680689770266,0.830559443413729,0.007231790867624131,0.0013582849395199943,0.0,0.0006333786692547726,0.0684475,0.08011846244335175,0.3176807165145874,-0.8288480043411255,1.0583245754241943,0.15474559366703033,-2.4310736656188965,3.767638683319092,-1.4293153285980225,-2.255953550338745,-2.712820291519165,-2.6511802673339844,0.02794325351715088
0.0034223749999999996,0.0034223749999999996,1.0,1.3700048778824072,0.8566962523191094,0.007231790867624131,0.0015428117706533773,0.0,0.0007194249437473433,0.0684475,0.0801200419664383,0.3176809549331665,-0.8288511633872986,1.058334469795227,0.1547512710094452,-2.4310879707336426,3.7676432132720947,-1.429318904876709,-2.2559683322906494,-2.712836980819702,-2.651182174682617,0.027936339378356934
0.0034223749999999996,0.0034223749999999996,1.0,1.3953104808508672,0.8820018552875695,0.007231790867624131,0.0017324074127441009,0.0,0.0008078348436070619,0.0684475,0.0801217257976532,0.31768104434013367,-0.8288545608520508,1.058345079421997,0.15475833415985107,-2.4311013221740723,3.7676467895507812,-1.429323434829712,-2.255983829498291,-2.712855815887451,-2.6511831283569336,0.02793031930923462
0.0034223749999999996,0.0034223749999999996,1.0,1.4197848778824071,0.9064762523191093,0.007231790867624131,0.0019267756567663498,0.0,0.0008984702442967761,0.0684475,0.08012335002422333,0.3176810145378113,-0.8288582563400269,1.0583562850952148,0.15476413071155548,-2.4311132431030273,3.767650604248047,-1.4293301105499268,-2.2559995651245117,-2.71287202835083,-2.6511878967285156,0.027924835681915283
0.0034223749999999996,0.0034223749999999996,1.0,1.443428068977027,0.9301194434137291,0.007231790867624131,0.002125406844765303,0.0,0.0009910934884091132,0.0684475,0.0801042765378952,0.31766578555107117,-0.8287686705589294,1.0582427978515625,0.15470154583454132,-2.4307990074157715,3.767446756362915,-1.429196834564209,-2.2555878162384033,-2.712522029876709,-2.651113271713257,0.027918517589569092
0.0034223749999999996,0.0034223749999999996,1.0,1.4662400541347262,0.9529314285714284,0.007231790867624131,0.002327567938767944,0.0,0.0010853627547235372,0.0684475,0.08010497689247131,0.3176659941673279,-0.828771710395813,1.0582493543624878,0.15470442175865173,-2.430807590484619,3.767451763153076,-1.4292047023773193,-2.255601644515991,-2.7125320434570312,-2.6511168479919434,0.027920186519622803
0.0034223749999999996,0.0034223749999999996,1.0,1.4882208333555054,0.9749122077922078,0.007231790867624131,0.002532294103588664,0.0,0.0011808281332041416,0.0684475,0.08010643720626831,0.31766632199287415,-0.8287755250930786,1.0582598447799683,0.1547108143568039,-2.4308223724365234,3.767455577850342,-1.4292123317718506,-2.2556169033050537,-2.71254825592041,-2.6511192321777344,0.02791619300842285
0.0034223749999999996,0.0034223749999999996,1.0,1.5093704066393645,0.9960617810760668,0.007231790867624131,0.0027383837594003283,0.0,0.0012769293179756484,0.0684475,0.08011971414089203,0.31769171357154846,-0.8288799524307251,1.058340072631836,0.1547306478023529,-2.431151866912842,3.767753839492798,-1.4293794631958008,-2.2560880184173584,-2.712907314300537,-2.6512393951416016,0.02798473834991455
0.0034223749999999996,0.0034223749999999996,1.0,1.5296887739863032,1.0163801484230055,0.007231790867624131,0.0029444013587662404,0.0,0.0013729969022746816,0.0684475,0.08008798956871033,0.31765636801719666,-0.8287097215652466,1.0581401586532593,0.1546514928340912,-2.430591583251953,3.7673137187957764,-1.429107666015625,-2.2553138732910156,-2.712270736694336,-2.6510603427886963,0.02794063091278076
0.0034223749999999996,0.0034223749999999996,1.0,1.5491759353963217,1.035867309833024,0.007231790867624131,0.0031486959621986016,0.0,0.0014682610403749302,0.0684475,0.08009001612663269,0.31765663623809814,-0.8287148475646973,1.0581533908843994,0.15465973317623138,-2.4306068420410156,3.7673208713531494,-1.4291176795959473,-2.2553350925445557,-2.7122936248779297,-2.651064157485962,0.027937889099121094
0.0034223749999999996,0.0034223749999999996,1.0,1.56783189086942,1.0545232653061223,0.007231790867624131,0.0033494483413231166,0.0,0.001561873412153527,0.0684475,0.08009223639965057,0.3176567256450653,-0.8287210464477539,1.0581707954406738,0.15466836094856262,-2.430631637573242,3.767328977584839,-1.4291305541992188,-2.255362033843994,-2.7123193740844727,-2.651069164276123,0.027932405471801758
0.0034223749999999996,0.0034223749999999996,1.0,1.585656640405598,1.0723480148423004,0.007231790867624131,0.0035447619101107563,0.0,0.0016529496250207868,0.0684475,0.08009196817874908,0.31766846776008606,-0.8287516236305237,1.0581704378128052,0.15464676916599274,-2.430708885192871,3.7674498558044434,-1.4291839599609375,-2.255498170852661,-2.71240234375,-2.651120901107788,0.027979016304016113
0.0034223749999999996,0.0034223749999999996,1.0,1.6026501840048561,1.0893415584415584,0.007231790867624131,0.0037328079241004727,0.0,0.0017406369214297134,0.0684475,0.08009472489356995,0.3176690638065338,-0.828758716583252,1.0581886768341064,0.15465840697288513,-2.4307355880737305,3.7674591541290283,-1.4291949272155762,-2.255530595779419,-2.7124335765838623,-2.6511263847351074,0.02797102928161621
0.0034223749999999996,0.0034223749999999996,1.0,1.6188125216671938,1.105503896103896,0.007231790867624131,0.0039120191062690145,0.0,0.0018242044681019151,0.0684475,0.08009487390518188,0.31767117977142334,-0.8287676572799683,1.0581823587417603,0.15465842187404633,-2.430777072906494,3.767489433288574,-1.4292032718658447,-2.2555789947509766,-2.712466239929199,-2.651120901107788,0.027984619140625
0.0034223749999999996,0.0034223749999999996,1.0,1.634143653392611,1.1208350278293133,0.007231790867624131,0.00408130354794668,0.0,0.0019031430996627036,0.0684475,0.08009597659111023,0.31767985224723816,-0.8287898302078247,1.058189868927002,0.15464915335178375,-2.4308371543884277,3.7675766944885254,-1.4292376041412354,-2.2556843757629395,-2.712531805038452,-2.6511595249176025,0.028006911277770996
0.0034223749999999996,0.0034223749999999996,1.0,1.6486435791811085,1.1353349536178106,0.007231790867624131,0.004240239980386825,0.0,0.0019772563752693782,0.0684475,0.08009743690490723,0.31768667697906494,-0.8288082480430603,1.0581984519958496,0.15464112162590027,-2.430891513824463,3.7676479816436768,-1.429262638092041,-2.2557709217071533,-2.712589740753174,-2.6511878967285156,0.028019368648529053
0.0034223749999999996,0.0034223749999999996,1.0,1.6623122990326853,1.1490036734693876,0.007231790867624131,0.004389232333517943,0.0,0.002046732650540952,0.0684475,0.08009137213230133,0.3176797032356262,-0.8287693858146667,1.0581636428833008,0.15462318062782288,-2.43076229095459,3.76755690574646,-1.4292027950286865,-2.2555994987487793,-2.712449073791504,-2.6511504650115967,0.02799999713897705
0.0034223749999999996,0.0034223749999999996,1.0,1.6751498129473423,1.1618411873840446,0.007231790867624131,0.0045296418875942915,0.0,0.002112206700884882,0.0684475,0.0800991803407669,0.31767362356185913,-0.8287681937217712,1.0582060813903809,0.1546672284603119,-2.4307851791381836,3.767507314682007,-1.4291856288909912,-2.255605936050415,-2.712491512298584,-2.6511292457580566,0.027942299842834473
0.0034223749999999996,0.0034223749999999996,1.0,1.6871561209250787,1.173847495361781,0.007231790867624131,0.004663960626142664,0.0,0.002174840557303707,0.0684475,0.0801135003566742,0.3176741600036621,-0.8288021087646484,1.0582932233810425,0.15472717583179474,-2.4309215545654297,3.767544746398926,-1.4292290210723877,-2.2557623386383057,-2.7126622200012207,-2.651142120361328,0.027895689010620117
0.0034223749999999996,0.0034223749999999996,1.0,1.6983312229658951,1.1850225974025972,0.007231790867624131,0.004796133629959709,0.0,0.0022364738411849447,0.0684475,0.08012518286705017,0.31766706705093384,-0.828808605670929,1.058363914489746,0.15478792786598206,-2.430973529815674,3.767493486404419,-1.4292263984680176,-2.2557926177978516,-2.71274471282959,-2.651123285293579,0.027824103832244873
0.0034223749999999996,0.0034223749999999996,1.0,1.708675119069791,1.1953664935064934,0.007231790867624131,0.004932208364475106,0.0,0.002299926531970883,0.0684475,0.08014477789402008,0.3176666796207428,-0.8288528919219971,1.058485984802246,0.15487100183963776,-2.431154251098633,3.7675342559814453,-1.4292852878570557,-2.25600004196167,-2.7129781246185303,-2.651142120361328,0.027756035327911377
0.0034223749999999996,0.0034223749999999996,1.0,1.718187809236767,1.2048791836734694,0.007231790867624131,0.005081659898093191,0.0,0.002369616926620005,0.0684475,0.0801413506269455,0.3176409602165222,-0.828776478767395,1.0584561824798584,0.1549009084701538,-2.430936813354492,3.7672557830810547,-1.4291422367095947,-2.2556517124176025,-2.712754726409912,-2.6510300636291504,0.027660131454467773
0.0034223749999999996,0.0034223749999999996,1.0,1.7268692934668224,1.2135606679035247,0.007231790867624131,0.005260210510538966,0.0,0.002452876444571735,0.0684475,0.08014509081840515,0.317626416683197,-0.8287444710731506,1.0584770441055298,0.1549403965473175,-2.4308576583862305,3.767108678817749,-1.4290742874145508,-2.255507707595825,-2.712690830230713,-2.650972843170166,0.027578771114349365
0.0034223749999999996,0.0034223749999999996,1.0,1.734719571759958,1.2214109461966602,0.007231790867624131,0.005496372598074452,0.0,0.0025630006345554036,0.0684475,0.08014072477817535,0.3176017701625824,-0.8286709785461426,1.058443546295166,0.1549665480852127,-2.4306483268737793,3.766843795776367,-1.4289400577545166,-2.255173921585083,-2.712472438812256,-2.6508615016937256,0.027492880821228027
0.0034223749999999996,0.0034223749999999996,1.0,1.7417386441161733,1.2284300185528756,0.007231790867624131,0.005848903746782523,0.0,0.0027273886089361553,0.0684475,0.08012966811656952,0.31757453083992004,-0.8285704255104065,1.0583724975585938,0.15496349334716797,-2.43033504486084,3.7665274143218994,-1.4287617206573486,-2.2547149658203125,-2.7121400833129883,-2.6507389545440674,0.02740466594696045
0.0034223749999999996,0.0034223749999999996,1.0,1.7479265105354682,1.2346178849721705,0.007231790867624131,0.006464725270612574,0.0,0.0030145509015547895,0.0684475,0.0800829827785492,0.3175036311149597,-0.8282730579376221,1.0580675601959229,0.15488658845424652,-2.4293761253356934,3.765676975250244,-1.4282588958740234,-2.2533516883850098,-2.711074113845825,-2.650390625,0.027261018753051758
0.0034223749999999996,0.0034223749999999996,1.0,1.7532831710178431,1.2399745454545454,0.007231790867624131,0.007860594238630605,0.0,0.003665455291122512,0.0684475,0.08005836606025696,0.31746727228164673,-0.8281169533729553,1.0579127073287964,0.154841348528862,-2.4288687705993652,3.765240430831909,-1.4279999732971191,-2.2526345252990723,-2.710512638092041,-2.6502153873443604,0.02718532085418701
0.0034223749999999996,0.0034223749999999996,1.0,1.7578086255632976,1.2445,0.007231790867624131,0.014576068607044985,0.0,0.006796932417257741,0.0684475,0.07991452515125275,0.31728416681289673,-0.8272984027862549,1.0569941997528076,0.15454168617725372,-2.426168441772461,3.762993812561035,-1.426650047302246,-2.248863697052002,-2.707479476928711,-2.649308443069458,0.026897847652435303
0.0034223749999999996,0.0034223749999999996,1.0,1.7555458982905703,-1.2422372727272726,0.007231790867624131,-8.005217897469658e-5,8.005217897469658e-5,-0.0,0.0684475,0.0,0.0,0.0,0.0,0.0,0.0,0.0,0.0,0.0,0.0,0.0,0.0
0.0034223749999999996,0.0034223749999999996,1.0,1.771054523853868,-1.2422372727272726,0.014463581735248261,0.000983280862102787,-0.000983280862102787,0.0,0.0684475,0.0,0.0,0.0,0.0,0.0,0.0,0.0,0.0,0.0,0.0,0.0,0.0
0.0034223749999999996,0.0034223749999999996,1.0,1.7506048407766557,-1.237296215213358,0.007231790867624131,-0.00026875381165595576,0.00026875381165595576,-0.0,0.0684475,0.0,0.0,0.0,0.0,0.0,0.0,0.0,0.0,0.0,0.0,0.0,0.0
0.0034223749999999996,0.0034223749999999996,1.0,1.7661134663399534,-1.237296215213358,0.014463581735248261,0.0033054133860858656,-0.0033054133860858656,0.0,0.0684475,0.0,0.0,0.0,0.0,0.0,0.0,0.0,0.0,0.0,0.0,0.0,0.0
0.0034223749999999996,0.0034223749999999996,1.0,1.7448325773258209,-1.2315239517625232,0.007231790867624131,-0.000404724939248308,0.000404724939248308,-0.0,0.0684475,0.0,0.0,0.0,0.0,0.0,0.0,0.0,0.0,0.0,0.0,0.0,0.0
0.0034223749999999996,0.0034223749999999996,1.0,1.7603412028891186,-1.2315239517625232,0.014463581735248261,0.004973779610402234,-0.004973779610402234,0.0,0.0684475,0.0,0.0,0.0,0.0,0.0,0.0,0.0,0.0,0.0,0.0,0.0,0.0
0.0034223749999999996,0.0034223749999999996,1.0,1.7382291079380658,-1.2249204823747681,0.007231790867624131,-0.0005566897221252216,0.0005566897221252216,-0.0,0.0684475,0.0,0.0,0.0,0.0,0.0,0.0,0.0,0.0,0.0,0.0,0.0,0.0
0.0034223749999999996,0.0034223749999999996,1.0,1.7537377335013635,-1.2249204823747681,0.014463581735248261,0.006841531596610093,-0.006841531596610093,0.0,0.0684475,0.0,0.0,0.0,0.0,0.0,0.0,0.0,0.0,0.0,0.0,0.0,0.0
0.0034223749999999996,0.0034223749999999996,1.0,1.7307944326133904,-1.2174858070500927,0.007231790867624131,-0.0007277817260505527,0.0007277817260505527,-0.0,0.0684475,0.0,0.0,0.0,0.0,0.0,0.0,0.0,0.0,0.0,0.0,0.0,0.0
0.0034223749999999996,0.0034223749999999996,1.0,1.746303058176688,-1.2174858070500927,0.014463581735248261,0.008919136434057128,-0.008919136434057128,0.0,0.0684475,0.0,0.0,0.0,0.0,0.0,0.0,0.0,0.0,0.0,0.0,0.0,0.0
0.0034223749999999996,0.0034223749999999996,1.0,1.7225285513517947,-1.209219925788497,0.007231790867624131,-0.0009185926238832824,0.0009185926238832824,-0.0,0.0684475,0.0,0.0,0.0,0.0,0.0,0.0,0.0,0.0,0.0,0.0,0.0,0.0
0.0034223749999999996,0.0034223749999999996,1.0,1.7380371769150924,-1.209219925788497,0.014463581735248261,0.011208672412175703,-0.011208672412175703,0.0,0.0684475,0.0,0.0,0.0,0.0,0.0,0.0,0.0,0.0,0.0,0.0,0.0,0.0
0.0034223749999999996,0.0034223749999999996,1.0,1.713431464153279,-1.2001228385899814,0.007231790867624131,-0.0011299150325643449,0.0011299150325643449,-0.0,0.0684475,0.0,0.0,0.0,0.0,0.0,0.0,0.0,0.0,0.0,0.0,0.0,0.0
0.0034223749999999996,0.0034223749999999996,1.0,1.7289400897165768,-1.2001228385899814,0.014463581735248261,0.01370725770970077,-0.01370725770970077,0.0,0.0684475,0.0,0.0,0.0,0.0,0.0,0.0,0.0,0.0,0.0,0.0,0.0,0.0
0.0034223749999999996,0.0034223749999999996,1.0,1.7035031710178432,-1.1901945454545455,0.007231790867624131,-0.0013664518098221259,0.0013664518098221259,-0.0,0.0684475,0.0,0.0,0.0,0.0,0.0,0.0,0.0,0.0,0.0,0.0,0.0,0.0
0.0034223749999999996,0.0034223749999999996,1.0,1.719011796581141,-1.1901945454545455,0.014463581735248261,0.016405149280072143,-0.016405149280072143,0.0,0.0684475,0.0,0.0,0.0,0.0,0.0,0.0,0.0,0.0,0.0,0.0,0.0,0.0
0.0034223749999999996,0.0034223749999999996,1.0,1.692743671945487,-1.1794350463821892,0.007231790867624131,-0.001622837651266721,0.001622837651266721,-0.0,0.0684475,0.0,0.0,0.0,0.0,0.0,0.0,0.0,0.0,0.0,0.0,0.0,0.0
0.0034223749999999996,0.0034223749999999996,1.0,1.7082522975087846,-1.1794350463821892,0.014463581735248261,0.019300337584963644,-0.019300337584963644,0.0,0.0684475,0.0,0.0,0.0,0.0,0.0,0.0,0.0,0.0,0.0,0.0,0.0,0.0
0.0034223749999999996,0.0034223749999999996,1.0,1.6811529669362104,-1.1678443413729127,0.007231790867624131,-0.001899497800879358,0.001899497800879358,-0.0,0.0684475,0.0,0.0,0.0,0.0,0.0,0.0,0.0,0.0,0.0,0.0,0.0,0.0
0.0034223749999999996,0.0034223749999999996,1.0,1.696661592499508,-1.1678443413729127,0.014463581735248261,0.02238291573513635,-0.02238291573513635,0.0,0.0684475,0.0,0.0,0.0,0.0,0.0,0.0,0.0,0.0,0.0,0.0,0.0,0.0
0.0034223749999999996,0.0034223749999999996,1.0,1.668731055990014,-1.155422430426716,0.007231790867624131,-0.0021944777003260183,0.0021944777003260574,-0.0,0.0684475,0.0,0.0,0.0,0.0,0.0,0.0,0.0,0.0,0.0,0.0,0.0,0.0
0.0034223749999999996,0.0034223749999999996,1.0,1.6842396815533116,-1.155422430426716,0.014463581735248261,0.025643352968038935,-0.025643352968039393,0.0,0.0684475,0.0,0.0,0.0,0.0,0.0,0.0,0.0,0.0,0.0,0.0,0.0,0.0
0.0034223749999999996,0.0034223749999999996,1.0,1.655477939106897,-1.142169313543599,0.007231790867624131,-0.002503234592274468,0.002503234592274468,-0.0,0.0684475,0.0,0.0,0.0,0.0,0.0,0.0,0.0,0.0,0.0,0.0,0.0,0.0
0.0034223749999999996,0.0034223749999999996,1.0,1.6709865646701947,-1.142169313543599,0.014463581735248261,0.029072791050466822,-0.029072791050466822,0.0,0.0684475,0.0,0.0,0.0,0.0,0.0,0.0,0.0,0.0,0.0,0.0,0.0,0.0
0.0034223749999999996,0.0034223749999999996,1.0,1.6413936162868599,-1.1280849907235622,0.007231790867624131,-0.0028144153673457448,0.0028144153673457005,-0.0,0.0684475,0.0,0.0,0.0,0.0,0.0,0.0,0.0,0.0,0.0,0.0,0.0,0.0
0.0034223749999999996,0.0034223749999999996,1.0,1.6569022418501576,-1.1280849907235622,0.014463581735248261,0.03266739764949265,-0.032667397649492134,0.0,0.0684475,0.0,0.0,0.0,0.0,0.0,0.0,0.0,0.0,0.0,0.0,0.0,0.0
0.0034223749999999996,0.0034223749999999996,1.0,1.6264780875299025,-1.1131694619666048,0.007231790867624131,-0.0031315604350462835,0.0031315604350462835,-0.0,0.0684475,0.0,0.0,0.0,0.0,0.0,0.0,0.0,0.0,0.0,0.0,0.0,0.0
0.0034223749999999996,0.0034223749999999996,1.0,1.6419867130932002,-1.1131694619666048,0.014463581735248261,0.036406872289278386,-0.036406872289278386,0.0,0.0684475,0.0,0.0,0.0,0.0,0.0,0.0,0.0,0.0,0.0,0.0,0.0,0.0
0.0034223749999999996,0.0034223749999999996,1.0,1.610731352836025,-1.0974227272727273,0.007231790867624131,-0.0034643610345553425,0.0034643610345553425,-0.0,0.0684475,0.0,0.0,0.0,0.0,0.0,0.0,0.0,0.0,0.0,0.0,0.0,0.0
0.0034223749999999996,0.0034223749999999996,1.0,1.6262399783993227,-1.0974227272727273,0.014463581735248261,0.040263492665528505,-0.040263492665528505,0.0,0.0684475,0.0,0.0,0.0,0.0,0.0,0.0,0.0,0.0,0.0,0.0,0.0,0.0
0.0034223749999999996,0.0034223749999999996,1.0,1.5941534122052272,-1.0808447866419295,0.007231790867624131,-0.003803079619311504,0.003803079619311504,-0.0,0.0684475,0.0,0.0,0.0,0.0,0.0,0.0,0.0,0.0,0.0,0.0,0.0,0.0
0.0034223749999999996,0.0034223749999999996,1.0,1.609662037768525,-1.0808447866419295,0.014463581735248261,0.04422808118590431,-0.04422808118590431,0.0,0.0684475,0.0,0.0,0.0,0.0,0.0,0.0,0.0,0.0,0.0,0.0,0.0,0.0
0.0034223749999999996,0.0034223749999999996,1.0,1.5767442656375092,-1.0634356400742115,0.007231790867624131,-0.004148271037170251,0.004148271037170251,-0.0,0.0684475,0.0,0.0,0.0,0.0,0.0,0.0,0.0,0.0,0.0,0.0,0.0,0.0
0.0034223749999999996,0.0034223749999999996,1.0,1.592252891200807,-1.0634356400742115,0.014463581735248261,0.04828071664815052,-0.04828071664815052,0.0,0.0684475,0.0,0.0,0.0,0.0,0.0,0.0,0.0,0.0,0.0,0.0,0.0,0.0
0.0034223749999999996,0.0034223749999999996,1.0,1.5585039131328708,-1.0451952875695731,0.007231790867624131,-0.004515661560928573,0.004515661560928573,-0.0,0.0684475,0.0,0.0,0.0,0.0,0.0,0.0,0.0,0.0,0.0,0.0,0.0,0.0
0.0034223749999999996,0.0034223749999999996,1.0,1.5740125386961685,-1.0451952875695731,0.014463581735248261,0.05238628106585209,-0.05238628106585209,0.0,0.0684475,0.0,0.0,0.0,0.0,0.0,0.0,0.0,0.0,0.0,0.0,0.0,0.0
0.0034223749999999996,0.0034223749999999996,1.0,1.5394323546913125,-1.0261237291280147,0.007231790867624131,-0.0048770353944744185,0.0048770353944744185,-0.0,0.0684475,0.0,0.0,0.0,0.0,0.0,0.0,0.0,0.0,0.0,0.0,0.0,0.0
0.0034223749999999996,0.0034223749999999996,1.0,1.5549409802546101,-1.0261237291280147,0.014463581735248261,0.056553943931480055,-0.056553943931480055,0.0,0.0684475,0.0,0.0,0.0,0.0,0.0,0.0,0.0,0.0,0.0,0.0,0.0,0.0
0.0034223749999999996,0.0034223749999999996,1.0,1.5195295903128339,-1.0062209647495362,0.007231790867624131,-0.005226743440854289,0.005226743440854289,-0.0,0.0684475,0.0,0.0,0.0,0.0,0.0,0.0,0.0,0.0,0.0,0.0,0.0,0.0
0.0034223749999999996,0.0034223749999999996,1.0,1.5350382158761315,-1.0062209647495362,0.014463581735248261,0.06077094201519858,-0.06077094201519858,0.0,0.0684475,0.0,0.0,0.0,0.0,0.0,0.0,0.0,0.0,0.0,0.0,0.0,0.0
0.0034223749999999996,0.0034223749999999996,1.0,1.4987956199974348,-0.9854869944341371,0.007231790867624131,-0.005581688092969218,0.005581688092969218,-0.0,0.0684475,0.0,0.0,0.0,0.0,0.0,0.0,0.0,0.0,0.0,0.0,0.0,0.0
0.0034223749999999996,0.0034223749999999996,1.0,1.5143042455607325,-0.9854869944341371,0.014463581735248261,0.06500279698850642,-0.06500279698850642,0.0,0.0684475,0.0,0.0,0.0,0.0,0.0,0.0,0.0,0.0,0.0,0.0,0.0,0.0
0.0034223749999999996,0.0034223749999999996,1.0,1.4772304437451158,-0.9639218181818181,0.007231790867624131,-0.005943301687335262,0.005943301687335262,-0.0,0.0684475,0.0,0.0,0.0,0.0,0.0,0.0,0.0,0.0,0.0,0.0,0.0,0.0
0.0034223749999999996,0.0034223749999999996,1.0,1.4927390693084135,-0.9639218181818181,0.014463581735248261,0.06923146372534561,-0.06923146372534561,0.0,0.0684475,0.0,0.0,0.0,0.0,0.0,0.0,0.0,0.0,0.0,0.0,0.0,0.0
0.0034223749999999996,0.0034223749999999996,1.0,1.4548340615558766,-0.9415254359925787,0.007231790867624131,-0.0063051417489855995,0.006305141748985662,-0.0,0.0684475,0.0,0.0,0.0,0.0,0.0,0.0,0.0,0.0,0.0,0.0,0.0,0.0
0.0034223749999999996,0.0034223749999999996,1.0,1.4703426871191743,-0.9415254359925787,0.014463581735248261,0.07344780074164817,-0.07344780074164889,0.0,0.0684475,0.0,0.0,0.0,0.0,0.0,0.0,0.0,0.0,0.0,0.0,0.0,0.0
0.0034223749999999996,0.0034223749999999996,1.0,1.431606473429717,-0.9182978478664192,0.007231790867624131,-0.006662390402822991,0.006662390402822928,-0.0,0.0684475,0.0,0.0,0.0,0.0,0.0,0.0,0.0,0.0,0.0,0.0,0.0,0.0
0.0034223749999999996,0.0034223749999999996,1.0,1.4471150989930146,-0.9182978478664192,0.014463581735248261,0.07764208792522781,-0.07764208792522706,0.0,0.0684475,0.0,0.0,0.0,0.0,0.0,0.0,0.0,0.0,0.0,0.0,0.0,0.0
0.0034223749999999996,0.0034223749999999996,1.0,1.407547679366637,-0.8942390538033395,0.007231790867624131,-0.007000202759462471,0.007000202759462438,-0.0,0.0684475,0.0,0.0,0.0,0.0,0.0,0.0,0.0,0.0,0.0,0.0,0.0,0.0
0.0034223749999999996,0.0034223749999999996,1.0,1.4230563049299347,-0.8942390538033395,0.014463581735248261,0.08181565551772142,-0.08181565551772105,0.0,0.0684475,0.0,0.0,0.0,0.0,0.0,0.0,0.0,0.0,0.0,0.0,0.0,0.0
0.0034223749999999996,0.0034223749999999996,1.0,1.3826576793666372,-0.8693490538033395,0.007231790867624131,-0.007354962259972084,0.007354962259972117,-0.0,0.0684475,0.0,0.0,0.0,0.0,0.0,0.0,0.0,0.0,0.0,0.0,0.0,0.0
0.0034223749999999996,0.0034223749999999996,1.0,1.3981663049299349,-0.8693490538033395,0.014463581735248261,0.08591957204177617,-0.08591957204177655,0.0,0.0684475,0.0,0.0,0.0,0.0,0.0,0.0,0.0,0.0,0.0,0.0,0.0,0.0
0.0034223749999999996,0.0034223749999999996,1.0,1.3569364734297171,-0.8436278478664192,0.007231790867624131,-0.007716008667128761,0.007716008667128828,-0.0,0.0684475,0.0,0.0,0.0,0.0,0.0,0.0,0.0,0.0,0.0,0.0,0.0,0.0
0.0034223749999999996,0.0034223749999999996,1.0,1.3724450989930148,-0.8436278478664192,0.014463581735248261,0.08995282929125516,-0.08995282929125593,0.0,0.0684475,0.0,0.0,0.0,0.0,0.0,0.0,0.0,0.0,0.0,0.0,0.0,0.0
0.0034223749999999996,0.0034223749999999996,1.0,1.3303840615558766,-0.8170754359925788,0.007231790867624131,-0.00809095516985097,0.008090955169850938,-0.0,0.0684475,0.0,0.0,0.0,0.0,0.0,0.0,0.0,0.0,0.0,0.0,0.0,0.0
0.0034223749999999996,0.0034223749999999996,1.0,1.3458926871191743,-0.8170754359925788,0.014463581735248261,0.09389691079273133,-0.09389691079273092,0.0,0.0684475,0.0,0.0,0.0,0.0,0.0,0.0,0.0,0.0,0.0,0.0,0.0,0.0
0.0034223749999999996,0.0034223749999999996,1.0,1.303000443745116,-0.7896918181818181,0.007231790867624131,-0.008443451715288248,0.008443451715288248,-0.0,0.0684475,0.0,0.0,0.0,0.0,0.0,0.0,0.0,0.0,0.0,0.0,0.0,0.0
0.0034223749999999996,0.0034223749999999996,1.0,1.3185090693084136,-0.7896918181818181,0.014463581735248261,0.09777788907342812,-0.09777788907342812,0.0,0.0684475,0.0,0.0,0.0,0.0,0.0,0.0,0.0,0.0,0.0,0.0,0.0,0.0
0.0034223749999999996,0.0034223749999999996,1.0,1.274785619997435,-0.7614769944341372,0.007231790867624131,-0.008775346959807025,0.008775346959807025,-0.0,0.0684475,0.0,0.0,0.0,0.0,0.0,0.0,0.0,0.0,0.0,0.0,0.0,0.0
0.0034223749999999996,0.0034223749999999996,1.0,1.2902942455607327,-0.7614769944341372,0.014463581735248261,0.10158410155589177,-0.10158410155589177,0.0,0.0684475,0.0,0.0,0.0,0.0,0.0,0.0,0.0,0.0,0.0,0.0,0.0,0.0
0.0034223749999999996,0.0034223749999999996,1.0,1.2457395903128339,-0.7324309647495361,0.007231790867624131,-0.009111427635963787,0.009111427635963787,-0.0,0.0684475,0.0,0.0,0.0,0.0,0.0,0.0,0.0,0.0,0.0,0.0,0.0,0.0
0.0034223749999999996,0.0034223749999999996,1.0,1.2612482158761316,-0.7324309647495361,0.014463581735248261,0.105281228290344,-0.105281228290344,0.0,0.0684475,0.0,0.0,0.0,0.0,0.0,0.0,0.0,0.0,0.0,0.0,0.0,0.0
0.0034223749999999996,0.0034223749999999996,1.0,1.2158623546913125,-0.7025537291280147,0.007231790867624131,-0.00939908251604557,0.00939908251604557,-0.0,0.0684475,0.0,0.0,0.0,0.0,0.0,0.0,0.0,0.0,0.0,0.0,0.0,0.0
0.0034223749999999996,0.0034223749999999996,1.0,1.2313709802546102,-0.7025537291280147,0.014463581735248261,0.10891242615920287,-0.10891242615920287,0.0,0.0684475,0.0,0.0,0.0,0.0,0.0,0.0,0.0,0.0,0.0,0.0,0.0,0.0
0.0034223749999999996,0.0034223749999999996,1.0,1.185153913132871,-0.6718452875695733,0.007231790867624131,-0.009680163881264772,0.009680163881264737,-0.0,0.0684475,0.0,0.0,0.0,0.0,0.0,0.0,0.0,0.0,0.0,0.0,0.0,0.0
0.0034223749999999996,0.0034223749999999996,1.0,1.2006625386961687,-0.6718452875695733,0.014463581735248261,0.11242624833823234,-0.11242624833823192,0.0,0.0684475,0.0,0.0,0.0,0.0,0.0,0.0,0.0,0.0,0.0,0.0,0.0,0.0
0.0034223749999999996,0.0034223749999999996,1.0,1.1536142656375092,-0.6403056400742115,0.007231790867624131,-0.009976173667802488,0.009976173667802488,-0.0,0.0684475,0.0,0.0,0.0,0.0,0.0,0.0,0.0,0.0,0.0,0.0,0.0,0.0
0.0034223749999999996,0.0034223749999999996,1.0,1.169122891200807,-0.6403056400742115,0.014463581735248261,0.11579122361274531,-0.11579122361274531,0.0,0.0684475,0.0,0.0,0.0,0.0,0.0,0.0,0.0,0.0,0.0,0.0,0.0,0.0
0.0034223749999999996,0.0034223749999999996,1.0,1.1212434122052273,-0.6079347866419293,0.007231790867624131,-0.01027344517000994,0.010273445170010009,-0.0,0.0684475,0.0,0.0,0.0,0.0,0.0,0.0,0.0,0.0,0.0,0.0,0.0,0.0
0.0034223749999999996,0.0034223749999999996,1.0,1.136752037768525,-0.6079347866419293,0.014463581735248261,0.11901042691232562,-0.11901042691232643,0.0,0.0684475,0.0,0.0,0.0,0.0,0.0,0.0,0.0,0.0,0.0,0.0,0.0,0.0
0.0034223749999999996,0.0034223749999999996,1.0,1.088041352836025,-0.5747327272727272,0.007231790867624131,-0.010568550617031498,0.010568550617031498,-0.0,0.0684475,0.0,0.0,0.0,0.0,0.0,0.0,0.0,0.0,0.0,0.0,0.0,0.0
0.0034223749999999996,0.0034223749999999996,1.0,1.1035499783993228,-0.5747327272727272,0.014463581735248261,0.12207581417981957,-0.12207581417981957,0.0,0.0684475,0.0,0.0,0.0,0.0,0.0,0.0,0.0,0.0,0.0,0.0,0.0,0.0
0.0034223749999999996,0.0034223749999999996,1.0,1.0540080875299025,-0.5406994619666047,0.007231790867624131,-0.010859656157971308,0.010859656157971274,-0.0,0.0684475,0.0,0.0,0.0,0.0,0.0,0.0,0.0,0.0,0.0,0.0,0.0,0.0
0.0034223749999999996,0.0034223749999999996,1.0,1.0695167130932002,-0.5406994619666047,0.014463581735248261,0.12497660588703872,-0.12497660588703832,0.0,0.0684475,0.0,0.0,0.0,0.0,0.0,0.0,0.0,0.0,0.0,0.0,0.0,0.0
0.0034223749999999996,0.0034223749999999996,1.0,1.01914361628686,-0.505834990723562,0.007231790867624131,-0.011145517542394784,0.01114551754239482,-0.0,0.0684475,0.0,0.0,0.0,0.0,0.0,0.0,0.0,0.0,0.0,0.0,0.0,0.0
0.0034223749999999996,0.0034223749999999996,1.0,1.0346522418501576,-0.505834990723562,0.014463581735248261,0.12770003625907814,-0.12770003625907853,0.0,0.0684475,0.0,0.0,0.0,0.0,0.0,0.0,0.0,0.0,0.0,0.0,0.0,0.0
0.0034223749999999996,0.0034223749999999996,1.0,0.983447939106897,-0.47013931354359917,0.007231790867624131,-0.011425297043132623,0.011425297043132623,-0.0,0.0684475,0.0,0.0,0.0,0.0,0.0,0.0,0.0,0.0,0.0,0.0,0.0,0.0
0.0034223749999999996,0.0034223749999999996,1.0,0.9989565646701948,-0.47013931354359917,0.014463581735248261,0.13023130606734018,-0.13023130606734018,0.0,0.0684475,0.0,0.0,0.0,0.0,0.0,0.0,0.0,0.0,0.0,0.0,0.0,0.0
0.0034223749999999996,0.0034223749999999996,1.0,0.946921055990014,-0.43361243042671616,0.007231790867624131,-0.011698699650407885,0.011698699650407885,-0.0,0.0684475,0.0,0.0,0.0,0.0,0.0,0.0,0.0,0.0,0.0,0.0,0.0,0.0
0.0034223749999999996,0.0034223749999999996,1.0,0.9624296815533117,-0.43361243042671616,0.014463581735248261,0.13255327357004776,-0.13255327357004776,0.0,0.0684475,0.0,0.0,0.0,0.0,0.0,0.0,0.0,0.0,0.0,0.0,0.0,0.0
0.0034223749999999996,0.0034223749999999996,1.0,0.9095629669362105,-0.3962543413729129,0.007231790867624131,-0.011967883136097127,0.011967883136097075,-0.0,0.0684475,0.0,0.0,0.0,0.0,0.0,0.0,0.0,0.0,0.0,0.0,0.0,0.0
0.0034223749999999996,0.0034223749999999996,1.0,0.9250715924995082,-0.3962543413729129,0.014463581735248261,0.13464448661646405,-0.13464448661646344,0.0,0.0684475,0.0,0.0,0.0,0.0,0.0,0.0,0.0,0.0,0.0,0.0,0.0,0.0
0.0034223749999999996,0.0034223749999999996,1.0,0.8713736719454871,-0.3580650463821893,0.007231790867624131,-0.012262948491317588,0.012262948491317642,-0.0,0.0684475,0.0,0.0,0.0,0.0,0.0,0.0,0.0,0.0,0.0,0.0,0.0,0.0
0.0034223749999999996,0.0034223749999999996,1.0,0.8868822975087848,-0.3580650463821893,0.014463581735248261,0.136453851517058,-0.1364538515170586,0.0,0.0684475,0.0,0.0,0.0,0.0,0.0,0.0,0.0,0.0,0.0,0.0,0.0,0.0
0.0034223749999999996,0.0034223749999999996,1.0,0.8323531710178432,-0.3190445454545454,0.007231790867624131,-0.012470868006478267,0.012470868006478267,-0.0,0.0684475,0.0,0.0,0.0,0.0,0.0,0.0,0.0,0.0,0.0,0.0,0.0,0.0
0.0034223749999999996,0.0034223749999999996,1.0,0.8478617965811409,-0.3190445454545454,0.014463581735248261,0.13807226423366104,-0.13807226423366104,0.0,0.0684475,0.0,0.0,0.0,0.0,0.0,0.0,0.0,0.0,0.0,0.0,0.0,0.0
0.0034223749999999996,0.0034223749999999996,1.0,0.7925014641532792,-0.27919283858998134,0.007231790867624131,-0.012592984336722804,0.012592984336722804,-0.0,0.0684475,0.0,0.0,0.0,0.0,0.0,0.0,0.0,0.0,0.0,0.0,0.0,0.0
0.0034223749999999996,0.0034223749999999996,1.0,0.8080100897165768,-0.27919283858998134,0.014463581735248261,0.13947640407749382,-0.13947640407749382,0.0,0.0684475,0.0,0.0,0.0,0.0,0.0,0.0,0.0,0.0,0.0,0.0,0.0,0.0
0.0034223749999999996,0.0034223749999999996,1.0,0.7518185513517949,-0.23850992578849706,0.007231790867624131,-0.012718757844700945,0.012718757844700945,-0.0,0.0684475,0.0,0.0,0.0,0.0,0.0,0.0,0.0,0.0,0.0,0.0,0.0,0.0
0.0034223749999999996,0.0034223749999999996,1.0,0.7673271769150926,-0.23850992578849706,0.014463581735248261,0.14055763871708565,-0.14055763871708565,0.0,0.0684475,0.0,0.0,0.0,0.0,0.0,0.0,0.0,0.0,0.0,0.0,0.0,0.0
0.0034223749999999996,0.0034223749999999996,1.0,0.7103044326133904,-0.19699580705009268,0.007231790867624131,-0.012822673700973279,0.012822673700973244,-0.0,0.0684475,0.0,0.0,0.0,0.0,0.0,0.0,0.0,0.0,0.0,0.0,0.0,0.0
0.0034223749999999996,0.0034223749999999996,1.0,0.7258130581766881,-0.19699580705009268,0.014463581735248261,0.1413303535573502,-0.14133035355734982,0.0,0.0684475,0.0,0.0,0.0,0.0,0.0,0.0,0.0,0.0,0.0,0.0,0.0,0.0
0.0034223749999999996,0.0034223749999999996,1.0,0.6679591079380657,-0.15465048237476808,0.007231790867624131,-0.012901230926093582,0.012901230926093547,-0.0,0.0684475,0.0,0.0,0.0,0.0,0.0,0.0,0.0,0.0,0.0,0.0,0.0,0.0
0.0034223749999999996,0.0034223749999999996,1.0,0.6834677335013634,-0.15465048237476808,0.014463581735248261,0.14180531404510371,-0.14180531404510335,0.0,0.0684475,0.0,0.0,0.0,0.0,0.0,0.0,0.0,0.0,0.0,0.0,0.0,0.0
0.0034223749999999996,0.0034223749999999996,1.0,0.6247825773258209,-0.11147395176252317,0.007231790867624131,-0.01295657516412547,0.012956575164125503,-0.0,0.0684475,0.0,0.0,0.0,0.0,0.0,0.0,0.0,0.0,0.0,0.0,0.0,0.0
0.0034223749999999996,0.0034223749999999996,1.0,0.6402912028891186,-0.11147395176252317,0.014463581735248261,0.14202694897154083,-0.1420269489715412,0.0,0.0684475,0.0,0.0,0.0,0.0,0.0,0.0,0.0,0.0,0.0,0.0,0.0,0.0
0.0034223749999999996,0.0034223749999999996,1.0,0.5807748407766559,-0.06746621521335805,0.007231790867624131,-0.012995912948281722,0.012995912948281755,-0.0,0.0684475,0.0,0.0,0.0,0.0,0.0,0.0,0.0,0.0,0.0,0.0,0.0,0.0
0.0034223749999999996,0.0034223749999999996,1.0,0.5962834663399535,-0.06746621521335805,0.014463581735248261,0.14211749766003767,-0.14211749766003803,0.0,0.0684475,0.0,0.0,0.0,0.0,0.0,0.0,0.0,0.0,0.0,0.0,0.0,0.0
0.0034223749999999996,0.0034223749999999996,1.0,0.5359358982905705,-0.022627272727272718,0.007231790867624131,-0.013085084882315861,0.013085084882315861,-0.0,0.0684475,0.0,0.0,0.0,0.0,0.0,0.0,0.0,0.0,0.0,0.0,0.0,0.0
0.0034223749999999996,0.0034223749999999996,1.0,0.5514445238538682,-0.022627272727272718,0.014463581735248261,0.14237407711490777,-0.14237407711490777,0.0,0.0684475,0.0,0.0,0.0,0.0,0.0,0.0,0.0,0.0,0.0,0.0,0.0,0.0
0.0034223749999999996,0.0034223749999999996,1.0,0.5359358982905705,0.02262727272727273,0.007231790867624131,-0.0,0.013206364160527099,-0.0,0.0684475,0.0,0.0,0.0,0.0,0.0,0.0,0.0,0.0,0.0,0.0,0.0,0.0
0.0034223749999999996,0.0034223749999999996,1.0,0.5514445238538682,0.02262727272727273,0.014463581735248261,0.0,-0.14369371694892627,0.0,0.0684475,0.0,0.0,0.0,0.0,0.0,0.0,0.0,0.0,0.0,0.0,0.0,0.0
0.0034223749999999996,0.0034223749999999996,1.0,0.5807748407766559,0.06746621521335806,0.007231790867624131,0.013241363613950318,0.013241363613950318,-0.0,0.0684475,0.0,0.0,0.0,0.0,0.0,0.0,0.0,0.0,0.0,0.0,0.0,0.0
0.0034223749999999996,0.0034223749999999996,1.0,0.5962834663399535,0.06746621521335806,0.014463581735248261,-0.14480178612443215,-0.14480178612443215,0.0,0.0684475,0.0,0.0,0.0,0.0,0.0,0.0,0.0,0.0,0.0,0.0,0.0,0.0
0.0034223749999999996,0.0034223749999999996,1.0,0.624782577325821,0.1114739517625232,0.007231790867624131,0.013205988301253536,0.01320598830125354,-0.0,0.0684475,0.0,0.0,0.0,0.0,0.0,0.0,0.0,0.0,0.0,0.0,0.0,0.0
0.0034223749999999996,0.0034223749999999996,1.0,0.6402912028891187,0.1114739517625232,0.014463581735248261,-0.14476117587124948,-0.14476117587124954,0.0,0.0684475,0.0,0.0,0.0,0.0,0.0,0.0,0.0,0.0,0.0,0.0,0.0,0.0
0.0034223749999999996,0.0034223749999999996,1.0,0.6679591079380659,0.15465048237476808,0.007231790867624131,0.013154448576609468,0.01315444857660946,-0.0,0.0684475,0.0,0.0,0.0,0.0,0.0,0.0,0.0,0.0,0.0,0.0,0.0,0.0
0.0034223749999999996,0.0034223749999999996,1.0,0.6834677335013636,0.15465048237476808,0.014463581735248261,-0.14458886608867885,-0.14458886608867877,0.0,0.0684475,0.0,0.0,0.0,0.0,0.0,0.0,0.0,0.0,0.0,0.0,0.0,0.0
0.0034223749999999996,0.0034223749999999996,1.0,0.7103044326133906,0.19699580705009279,0.007231790867624131,0.013079384159338377,0.013079384159338377,-0.0,0.0684475,0.0,0.0,0.0,0.0,0.0,0.0,0.0,0.0,0.0,0.0,0.0,0.0
0.0034223749999999996,0.0034223749999999996,1.0,0.7258130581766883,0.19699580705009279,0.014463581735248261,-0.14416013307746087,-0.14416013307746087,0.0,0.0684475,0.0,0.0,0.0,0.0,0.0,0.0,0.0,0.0,0.0,0.0,0.0,0.0
0.0034223749999999996,0.0034223749999999996,1.0,0.7518185513517949,0.23850992578849722,0.007231790867624131,0.012978586993048827,0.01297858699304888,-0.0,0.0684475,0.0,0.0,0.0,0.0,0.0,0.0,0.0,0.0,0.0,0.0,0.0,0.0
0.0034223749999999996,0.0034223749999999996,1.0,0.7673271769150926,0.23850992578849722,0.014463581735248261,-0.14342944990711617,-0.14342944990711676,0.0,0.0684475,0.0,0.0,0.0,0.0,0.0,0.0,0.0,0.0,0.0,0.0,0.0,0.0
0.0034223749999999996,0.0034223749999999996,1.0,0.7925014641532792,0.27919283858998145,0.007231790867624131,0.012855606058110322,0.012855606058110303,-0.0,0.0684475,0.0,0.0,0.0,0.0,0.0,0.0,0.0,0.0,0.0,0.0,0.0,0.0
0.0034223749999999996,0.0034223749999999996,1.0,0.8080100897165768,0.27919283858998145,0.014463581735248261,-0.14238556566022662,-0.14238556566022642,0.0,0.0684475,0.0,0.0,0.0,0.0,0.0,0.0,0.0,0.0,0.0,0.0,0.0,0.0
0.0034223749999999996,0.0034223749999999996,1.0,0.8323531710178432,0.3190445454545454,0.007231790867624131,0.012736479148779047,0.01273647914877901,-0.0,0.0684475,0.0,0.0,0.0,0.0,0.0,0.0,0.0,0.0,0.0,0.0,0.0,0.0
0.0034223749999999996,0.0034223749999999996,1.0,0.8478617965811409,0.3190445454545454,0.014463581735248261,-0.14101348904440458,-0.1410134890444042,0.0,0.0684475,0.0,0.0,0.0,0.0,0.0,0.0,0.0,0.0,0.0,0.0,0.0,0.0
0.0034223749999999996,0.0034223749999999996,1.0,0.8713736719454869,0.35806504638218917,0.007231790867624131,0.0125298125406587,0.012529812540658736,-0.0,0.0684475,0.0,0.0,0.0,0.0,0.0,0.0,0.0,0.0,0.0,0.0,0.0,0.0
0.0034223749999999996,0.0034223749999999996,1.0,0.8868822975087846,0.35806504638218917,0.014463581735248261,-0.13942387066016038,-0.13942387066016076,0.0,0.0684475,0.0,0.0,0.0,0.0,0.0,0.0,0.0,0.0,0.0,0.0,0.0,0.0
0.0034223749999999996,0.0034223749999999996,1.0,0.9095629669362105,0.39625434137291277,0.007231790867624131,0.012234115628641849,0.01223411562864183,-0.0,0.0684475,0.0,0.0,0.0,0.0,0.0,0.0,0.0,0.0,0.0,0.0,0.0,0.0
0.0034223749999999996,0.0034223749999999996,1.0,0.9250715924995082,0.39625434137291277,0.014463581735248261,-0.1376403340442482,-0.137640334044248,0.0,0.0684475,0.0,0.0,0.0,0.0,0.0,0.0,0.0,0.0,0.0,0.0,0.0,0.0
0.0034223749999999996,0.0034223749999999996,1.0,0.9469210559900139,0.43361243042671616,0.007231790867624131,0.011964863157522041,0.011964863157522059,-0.0,0.0684475,0.0,0.0,0.0,0.0,0.0,0.0,0.0,0.0,0.0,0.0,0.0,0.0
0.0034223749999999996,0.0034223749999999996,1.0,0.9624296815533115,0.43361243042671616,0.014463581735248261,-0.13556970869500504,-0.13556970869500523,0.0,0.0684475,0.0,0.0,0.0,0.0,0.0,0.0,0.0,0.0,0.0,0.0,0.0,0.0
0.0034223749999999996,0.0034223749999999996,1.0,0.9834479391068969,0.4701393135435992,0.007231790867624131,0.011691291537009926,0.011691291537009943,-0.0,0.0684475,0.0,0.0,0.0,0.0,0.0,0.0,0.0,0.0,0.0,0.0,0.0,0.0
0.0034223749999999996,0.0034223749999999996,1.0,0.9989565646701946,0.4701393135435992,0.014463581735248261,-0.1332639129395541,-0.1332639129395543,0.0,0.0684475,0.0,0.0,0.0,0.0,0.0,0.0,0.0,0.0,0.0,0.0,0.0,0.0
0.0034223749999999996,0.0034223749999999996,1.0,1.0191436162868597,0.5058349907235621,0.007231790867624131,0.011411184000406386,0.01141118400040644,-0.0,0.0684475,0.0,0.0,0.0,0.0,0.0,0.0,0.0,0.0,0.0,0.0,0.0,0.0
0.0034223749999999996,0.0034223749999999996,1.0,1.0346522418501574,0.5058349907235621,0.014463581735248261,-0.1307445949248098,-0.13074459492481041,0.0,0.0684475,0.0,0.0,0.0,0.0,0.0,0.0,0.0,0.0,0.0,0.0,0.0,0.0
0.0034223749999999996,0.0034223749999999996,1.0,1.0540080875299025,0.5406994619666048,0.007231790867624131,0.011124830880298472,0.011124830880298435,-0.0,0.0684475,0.0,0.0,0.0,0.0,0.0,0.0,0.0,0.0,0.0,0.0,0.0,0.0
0.0034223749999999996,0.0034223749999999996,1.0,1.0695167130932002,0.5406994619666048,0.014463581735248261,-0.12802900608575662,-0.12802900608575624,0.0,0.0684475,0.0,0.0,0.0,0.0,0.0,0.0,0.0,0.0,0.0,0.0,0.0,0.0
0.0034223749999999996,0.0034223749999999996,1.0,1.088041352836025,0.5747327272727272,0.007231790867624131,0.010833077933764647,0.010833077933764576,-0.0,0.0684475,0.0,0.0,0.0,0.0,0.0,0.0,0.0,0.0,0.0,0.0,0.0,0.0
0.0034223749999999996,0.0034223749999999996,1.0,1.1035499783993228,0.5747327272727272,0.014463581735248261,-0.1251320080958319,-0.12513200809583108,0.0,0.0684475,0.0,0.0,0.0,0.0,0.0,0.0,0.0,0.0,0.0,0.0,0.0,0.0
0.0034223749999999996,0.0034223749999999996,1.0,1.1212434122052273,0.6079347866419293,0.007231790867624131,0.01053718991135751,0.01053718991135751,-0.0,0.0684475,0.0,0.0,0.0,0.0,0.0,0.0,0.0,0.0,0.0,0.0,0.0,0.0
0.0034223749999999996,0.0034223749999999996,1.0,1.136752037768525,0.6079347866419293,0.014463581735248261,-0.12206638216738616,-0.12206638216738616,0.0,0.0684475,0.0,0.0,0.0,0.0,0.0,0.0,0.0,0.0,0.0,0.0,0.0,0.0
0.0034223749999999996,0.0034223749999999996,1.0,1.1536142656375092,0.6403056400742114,0.007231790867624131,0.010239037719508393,0.010239037719508428,-0.0,0.0684475,0.0,0.0,0.0,0.0,0.0,0.0,0.0,0.0,0.0,0.0,0.0,0.0
0.0034223749999999996,0.0034223749999999996,1.0,1.169122891200807,0.6403056400742114,0.014463581735248261,-0.11884287369141991,-0.11884287369142031,0.0,0.0684475,0.0,0.0,0.0,0.0,0.0,0.0,0.0,0.0,0.0,0.0,0.0,0.0
0.0034223749999999996,0.0034223749999999996,1.0,1.185153913132871,0.6718452875695733,0.007231790867624131,0.00994213371653981,0.009942133716539845,-0.0,0.0684475,0.0,0.0,0.0,0.0,0.0,0.0,0.0,0.0,0.0,0.0,0.0,0.0
0.0034223749999999996,0.0034223749999999996,1.0,1.2006625386961687,0.6718452875695733,0.014463581735248261,-0.11546941447280838,-0.11546941447280878,0.0,0.0684475,0.0,0.0,0.0,0.0,0.0,0.0,0.0,0.0,0.0,0.0,0.0,0.0
0.0034223749999999996,0.0034223749999999996,1.0,1.2158623546913125,0.7025537291280148,0.007231790867624131,0.009660524143082652,0.009660524143082652,-0.0,0.0684475,0.0,0.0,0.0,0.0,0.0,0.0,0.0,0.0,0.0,0.0,0.0,0.0
0.0034223749999999996,0.0034223749999999996,1.0,1.2313709802546102,0.7025537291280148,0.014463581735248261,-0.11194249481988522,-0.11194249481988522,0.0,0.0684475,0.0,0.0,0.0,0.0,0.0,0.0,0.0,0.0,0.0,0.0,0.0,0.0
0.0034223749999999996,0.0034223749999999996,1.0,1.2457395903128339,0.7324309647495362,0.007231790867624131,0.009372122643921857,0.009372122643921857,-0.0,0.0684475,0.0,0.0,0.0,0.0,0.0,0.0,0.0,0.0,0.0,0.0,0.0,0.0
0.0034223749999999996,0.0034223749999999996,1.0,1.2612482158761316,0.7324309647495362,0.014463581735248261,-0.10829409100364751,-0.10829409100364751,0.0,0.0684475,0.0,0.0,0.0,0.0,0.0,0.0,0.0,0.0,0.0,0.0,0.0,0.0
0.0034223749999999996,0.0034223749999999996,1.0,1.274785619997435,0.7614769944341373,0.007231790867624131,0.009033825868233009,0.009033825868233009,-0.0,0.0684475,0.0,0.0,0.0,0.0,0.0,0.0,0.0,0.0,0.0,0.0,0.0,0.0
0.0034223749999999996,0.0034223749999999996,1.0,1.2902942455607327,0.7614769944341373,0.014463581735248261,-0.1045768011634765,-0.1045768011634765,0.0,0.0684475,0.0,0.0,0.0,0.0,0.0,0.0,0.0,0.0,0.0,0.0,0.0,0.0
0.0034223749999999996,0.0034223749999999996,1.0,1.303000443745116,0.7896918181818181,0.007231790867624131,0.008699705717494616,0.008699705717494583,-0.0,0.0684475,0.0,0.0,0.0,0.0,0.0,0.0,0.0,0.0,0.0,0.0,0.0,0.0
0.0034223749999999996,0.0034223749999999996,1.0,1.3185090693084136,0.7896918181818181,0.014463581735248261,-0.10074589162130071,-0.10074589162130032,0.0,0.0684475,0.0,0.0,0.0,0.0,0.0,0.0,0.0,0.0,0.0,0.0,0.0,0.0
0.0034223749999999996,0.0034223749999999996,1.0,1.3303840615558764,0.8170754359925787,0.007231790867624131,0.008344199402775575,0.00834419940277561,-0.0,0.0684475,0.0,0.0,0.0,0.0,0.0,0.0,0.0,0.0,0.0,0.0,0.0,0.0
0.0034223749999999996,0.0034223749999999996,1.0,1.345892687119174,0.8170754359925787,0.014463581735248261,-0.0968363301899387,-0.0968363301899391,0.0,0.0684475,0.0,0.0,0.0,0.0,0.0,0.0,0.0,0.0,0.0,0.0,0.0,0.0
0.0034223749999999996,0.0034223749999999996,1.0,1.356936473429717,0.8436278478664192,0.007231790867624131,0.007965322003290132,0.007965322003290132,-0.0,0.0684475,0.0,0.0,0.0,0.0,0.0,0.0,0.0,0.0,0.0,0.0,0.0,0.0
0.0034223749999999996,0.0034223749999999996,1.0,1.3724450989930146,0.8436278478664192,0.014463581735248261,-0.09285978001838159,-0.09285978001838159,0.0,0.0684475,0.0,0.0,0.0,0.0,0.0,0.0,0.0,0.0,0.0,0.0,0.0,0.0
0.0034223749999999996,0.0034223749999999996,1.0,1.3826576793666372,0.8693490538033395,0.007231790867624131,0.0076005469840769455,0.0076005469840769455,-0.0,0.0684475,0.0,0.0,0.0,0.0,0.0,0.0,0.0,0.0,0.0,0.0,0.0,0.0
0.0034223749999999996,0.0034223749999999996,1.0,1.3981663049299349,0.8693490538033395,0.014463581735248261,-0.08878890683053187,-0.08878890683053187,0.0,0.0684475,0.0,0.0,0.0,0.0,0.0,0.0,0.0,0.0,0.0,0.0,0.0,0.0
0.0034223749999999996,0.0034223749999999996,1.0,1.407547679366637,0.8942390538033393,0.007231790867624131,0.007242018566164561,0.007242018566164561,-0.0,0.0684475,0.0,0.0,0.0,0.0,0.0,0.0,0.0,0.0,0.0,0.0,0.0,0.0
0.0034223749999999996,0.0034223749999999996,1.0,1.4230563049299347,0.8942390538033393,0.014463581735248261,-0.08464233385495176,-0.08464233385495176,0.0,0.0684475,0.0,0.0,0.0,0.0,0.0,0.0,0.0,0.0,0.0,0.0,0.0,0.0
0.0034223749999999996,0.0034223749999999996,1.0,1.431606473429717,0.9182978478664192,0.007231790867624131,0.006900773687982603,0.006900773687982603,-0.0,0.0684475,0.0,0.0,0.0,0.0,0.0,0.0,0.0,0.0,0.0,0.0,0.0,0.0
0.0034223749999999996,0.0034223749999999996,1.0,1.4471150989930146,0.9182978478664192,0.014463581735248261,-0.08042056469952116,-0.08042056469952116,0.0,0.0684475,0.0,0.0,0.0,0.0,0.0,0.0,0.0,0.0,0.0,0.0,0.0,0.0
0.0034223749999999996,0.0034223749999999996,1.0,1.4548340615558766,0.9415254359925788,0.007231790867624131,0.006539116641615615,0.006539116641615584,-0.0,0.0684475,0.0,0.0,0.0,0.0,0.0,0.0,0.0,0.0,0.0,0.0,0.0,0.0
0.0034223749999999996,0.0034223749999999996,1.0,1.4703426871191743,0.9415254359925788,0.014463581735248261,-0.07617372886928972,-0.07617372886928936,0.0,0.0684475,0.0,0.0,0.0,0.0,0.0,0.0,0.0,0.0,0.0,0.0,0.0,0.0
0.0034223749999999996,0.0034223749999999996,1.0,1.4772304437451158,0.9639218181818181,0.007231790867624131,0.006172350981454134,0.0061723509814541645,-0.0,0.0684475,0.0,0.0,0.0,0.0,0.0,0.0,0.0,0.0,0.0,0.0,0.0,0.0
0.0034223749999999996,0.0034223749999999996,1.0,1.4927390693084135,0.9639218181818181,0.014463581735248261,-0.07189994286255044,-0.07189994286255079,0.0,0.0684475,0.0,0.0,0.0,0.0,0.0,0.0,0.0,0.0,0.0,0.0,0.0,0.0
0.0034223749999999996,0.0034223749999999996,1.0,1.4987956199974348,0.9854869944341373,0.007231790867624131,0.005805425912100605,0.0058054259121006644,-0.0,0.0684475,0.0,0.0,0.0,0.0,0.0,0.0,0.0,0.0,0.0,0.0,0.0,0.0
0.0034223749999999996,0.0034223749999999996,1.0,1.5143042455607325,0.9854869944341373,0.014463581735248261,-0.06760872672275167,-0.06760872672275238,0.0,0.0684475,0.0,0.0,0.0,0.0,0.0,0.0,0.0,0.0,0.0,0.0,0.0,0.0
0.0034223749999999996,0.0034223749999999996,1.0,1.5195295903128339,1.0062209647495362,0.007231790867624131,0.005445004571338578,0.00544500457133852,-0.0,0.0684475,0.0,0.0,0.0,0.0,0.0,0.0,0.0,0.0,0.0,0.0,0.0,0.0
0.0034223749999999996,0.0034223749999999996,1.0,1.5350382158761315,1.0062209647495362,0.014463581735248261,-0.06330896473206739,-0.06330896473206671,0.0,0.0684475,0.0,0.0,0.0,0.0,0.0,0.0,0.0,0.0,0.0,0.0,0.0,0.0
0.0034223749999999996,0.0034223749999999996,1.0,1.5394323546913125,1.0261237291280147,0.007231790867624131,0.005089570227798104,0.005089570227798104,-0.0,0.0684475,0.0,0.0,0.0,0.0,0.0,0.0,0.0,0.0,0.0,0.0,0.0,0.0
0.0034223749999999996,0.0034223749999999996,1.0,1.5549409802546101,1.0261237291280147,0.014463581735248261,-0.0590187883423866,-0.0590187883423866,0.0,0.0684475,0.0,0.0,0.0,0.0,0.0,0.0,0.0,0.0,0.0,0.0,0.0,0.0
0.0034223749999999996,0.0034223749999999996,1.0,1.5585039131328708,1.0451952875695731,0.007231790867624131,0.004721416712291215,0.004721416712291215,-0.0,0.0684475,0.0,0.0,0.0,0.0,0.0,0.0,0.0,0.0,0.0,0.0,0.0,0.0
0.0034223749999999996,0.0034223749999999996,1.0,1.5740125386961685,1.0451952875695731,0.014463581735248261,-0.054773525831658246,-0.054773525831658246,0.0,0.0684475,0.0,0.0,0.0,0.0,0.0,0.0,0.0,0.0,0.0,0.0,0.0,0.0
0.0034223749999999996,0.0034223749999999996,1.0,1.576744265637509,1.0634356400742113,0.007231790867624131,0.004346311774042687,0.004346311774042687,-0.0,0.0684475,0.0,0.0,0.0,0.0,0.0,0.0,0.0,0.0,0.0,0.0,0.0,0.0
0.0034223749999999996,0.0034223749999999996,1.0,1.5922528912008067,1.0634356400742113,0.014463581735248261,-0.0505859167026194,-0.0505859167026194,0.0,0.0684475,0.0,0.0,0.0,0.0,0.0,0.0,0.0,0.0,0.0,0.0,0.0,0.0
0.0034223749999999996,0.0034223749999999996,1.0,1.594153412205227,1.0808447866419293,0.007231790867624131,0.00399374504406313,0.00399374504406313,-0.0,0.0684475,0.0,0.0,0.0,0.0,0.0,0.0,0.0,0.0,0.0,0.0,0.0,0.0
0.0034223749999999996,0.0034223749999999996,1.0,1.6096620377685247,1.0808447866419293,0.014463581735248261,-0.04644566337812704,-0.04644566337812704,0.0,0.0684475,0.0,0.0,0.0,0.0,0.0,0.0,0.0,0.0,0.0,0.0,0.0,0.0
0.0034223749999999996,0.0034223749999999996,1.0,1.610731352836025,1.0974227272727273,0.007231790867624131,0.003647213849865415,0.003647213849865415,-0.0,0.0684475,0.0,0.0,0.0,0.0,0.0,0.0,0.0,0.0,0.0,0.0,0.0,0.0
0.0034223749999999996,0.0034223749999999996,1.0,1.6262399783993227,1.0974227272727273,0.014463581735248261,-0.042388855001542936,-0.042388855001542936,0.0,0.0684475,0.0,0.0,0.0,0.0,0.0,0.0,0.0,0.0,0.0,0.0,0.0,0.0
0.0034223749999999996,0.0034223749999999996,1.0,1.6264780875299023,1.1131694619666046,0.007231790867624131,0.003306059414264324,0.003306059414264324,-0.0,0.0684475,0.0,0.0,0.0,0.0,0.0,0.0,0.0,0.0,0.0,0.0,0.0,0.0
0.0034223749999999996,0.0034223749999999996,1.0,1.6419867130932,1.1131694619666046,0.014463581735248261,-0.03843575346187942,-0.03843575346187942,0.0,0.0684475,0.0,0.0,0.0,0.0,0.0,0.0,0.0,0.0,0.0,0.0,0.0,0.0
0.0034223749999999996,0.0034223749999999996,1.0,1.6413936162868599,1.128084990723562,0.007231790867624131,0.002980498400232291,0.002980498400232247,-0.0,0.0684475,0.0,0.0,0.0,0.0,0.0,0.0,0.0,0.0,0.0,0.0,0.0,0.0
0.0034223749999999996,0.0034223749999999996,1.0,1.6569022418501576,1.128084990723562,0.014463581735248261,-0.034595323253665704,-0.03459532325366518,0.0,0.0684475,0.0,0.0,0.0,0.0,0.0,0.0,0.0,0.0,0.0,0.0,0.0,0.0
0.0034223749999999996,0.0034223749999999996,1.0,1.6554779391068968,1.142169313543599,0.007231790867624131,0.002660219811517988,0.00266021981151803,-0.0,0.0684475,0.0,0.0,0.0,0.0,0.0,0.0,0.0,0.0,0.0,0.0,0.0,0.0
0.0034223749999999996,0.0034223749999999996,1.0,1.6709865646701945,1.142169313543599,0.014463581735248261,-0.030896183746098146,-0.03089618374609863,0.0,0.0684475,0.0,0.0,0.0,0.0,0.0,0.0,0.0,0.0,0.0,0.0,0.0,0.0
0.0034223749999999996,0.0034223749999999996,1.0,1.668731055990014,1.1554224304267162,0.007231790867624131,0.0023413095296947847,0.0023413095296947847,-0.0,0.0684475,0.0,0.0,0.0,0.0,0.0,0.0,0.0,0.0,0.0,0.0,0.0,0.0
0.0034223749999999996,0.0034223749999999996,1.0,1.6842396815533116,1.1554224304267162,0.014463581735248261,-0.027359275607186016,-0.027359275607186016,0.0,0.0684475,0.0,0.0,0.0,0.0,0.0,0.0,0.0,0.0,0.0,0.0,0.0,0.0
0.0034223749999999996,0.0034223749999999996,1.0,1.6811529669362104,1.1678443413729127,0.007231790867624131,0.0020357075884112896,0.0020357075884112896,-0.0,0.0684475,0.0,0.0,0.0,0.0,0.0,0.0,0.0,0.0,0.0,0.0,0.0,0.0
0.0034223749999999996,0.0034223749999999996,1.0,1.696661592499508,1.1678443413729127,0.014463581735248261,-0.023988074248991336,-0.023988074248991336,0.0,0.0684475,0.0,0.0,0.0,0.0,0.0,0.0,0.0,0.0,0.0,0.0,0.0,0.0
0.0034223749999999996,0.0034223749999999996,1.0,1.692743671945487,1.179435046382189,0.007231790867624131,0.0017481992646410133,0.00174819926464098,-0.0,0.0684475,0.0,0.0,0.0,0.0,0.0,0.0,0.0,0.0,0.0,0.0,0.0,0.0
0.0034223749999999996,0.0034223749999999996,1.0,1.7082522975087846,1.179435046382189,0.014463581735248261,-0.020791358607864508,-0.02079135860786411,0.0,0.0684475,0.0,0.0,0.0,0.0,0.0,0.0,0.0,0.0,0.0,0.0,0.0,0.0
0.0034223749999999996,0.0034223749999999996,1.0,1.7035031710178432,1.1901945454545453,0.007231790867624131,0.0014808458217151642,0.0014808458217151642,-0.0,0.0684475,0.0,0.0,0.0,0.0,0.0,0.0,0.0,0.0,0.0,0.0,0.0,0.0
0.0034223749999999996,0.0034223749999999996,1.0,1.719011796581141,1.1901945454545453,0.014463581735248261,-0.01777861024314724,-0.01777861024314724,0.0,0.0684475,0.0,0.0,0.0,0.0,0.0,0.0,0.0,0.0,0.0,0.0,0.0,0.0
0.0034223749999999996,0.0034223749999999996,1.0,1.713431464153279,1.2001228385899814,0.007231790867624131,0.0012331504487495615,0.001233150448749589,-0.0,0.0684475,0.0,0.0,0.0,0.0,0.0,0.0,0.0,0.0,0.0,0.0,0.0,0.0
0.0034223749999999996,0.0034223749999999996,1.0,1.7289400897165768,1.2001228385899814,0.014463581735248261,-0.014959703051692001,-0.014959703051692336,0.0,0.0684475,0.0,0.0,0.0,0.0,0.0,0.0,0.0,0.0,0.0,0.0,0.0,0.0
0.0034223749999999996,0.0034223749999999996,1.0,1.7225285513517947,1.209219925788497,0.007231790867624131,0.0010109605138871808,0.0010109605138871808,-0.0,0.0684475,0.0,0.0,0.0,0.0,0.0,0.0,0.0,0.0,0.0,0.0,0.0,0.0
0.0034223749999999996,0.0034223749999999996,1.0,1.7380371769150924,1.209219925788497,0.014463581735248261,-0.01233580603417727,-0.01233580603417727,0.0,0.0684475,0.0,0.0,0.0,0.0,0.0,0.0,0.0,0.0,0.0,0.0,0.0,0.0
0.0034223749999999996,0.0034223749999999996,1.0,1.7307944326133902,1.2174858070500925,0.007231790867624131,0.0008091448998793493,0.0008091448998793493,-0.0,0.0684475,0.0,0.0,0.0,0.0,0.0,0.0,0.0,0.0,0.0,0.0,0.0,0.0
0.0034223749999999996,0.0034223749999999996,1.0,1.7463030581766879,1.2174858070500925,0.014463581735248261,-0.009916310694277076,-0.009916310694277076,0.0,0.0684475,0.0,0.0,0.0,0.0,0.0,0.0,0.0,0.0,0.0,0.0,0.0,0.0
0.0034223749999999996,0.0034223749999999996,1.0,1.7382291079380656,1.224920482374768,0.007231790867624131,0.0006267596211206725,0.0006267596211206725,-0.0,0.0684475,0.0,0.0,0.0,0.0,0.0,0.0,0.0,0.0,0.0,0.0,0.0,0.0
0.0034223749999999996,0.0034223749999999996,1.0,1.7537377335013633,1.224920482374768,0.014463581735248261,-0.007702706339133788,-0.007702706339133788,0.0,0.0684475,0.0,0.0,0.0,0.0,0.0,0.0,0.0,0.0,0.0,0.0,0.0,0.0
0.0034223749999999996,0.0034223749999999996,1.0,1.7448325773258209,1.2315239517625232,0.007231790867624131,0.0004630031320222926,0.0004630031320222926,-0.0,0.0684475,0.0,0.0,0.0,0.0,0.0,0.0,0.0,0.0,0.0,0.0,0.0,0.0
0.0034223749999999996,0.0034223749999999996,1.0,1.7603412028891186,1.2315239517625232,0.014463581735248261,-0.00569000607277792,-0.00569000607277792,0.0,0.0684475,0.0,0.0,0.0,0.0,0.0,0.0,0.0,0.0,0.0,0.0,0.0,0.0
0.0034223749999999996,0.0034223749999999996,1.0,1.7506048407766557,1.237296215213358,0.007231790867624131,0.0003139632279029585,0.0003139632279029585,-0.0,0.0684475,0.0,0.0,0.0,0.0,0.0,0.0,0.0,0.0,0.0,0.0,0.0,0.0
0.0034223749999999996,0.0034223749999999996,1.0,1.7661134663399534,1.237296215213358,0.014463581735248261,-0.0038614657414214326,-0.0038614657414214326,0.0,0.0684475,0.0,0.0,0.0,0.0,0.0,0.0,0.0,0.0,0.0,0.0,0.0,0.0
0.0034223749999999996,0.0034223749999999996,1.0,1.7555458982905703,1.2422372727272726,0.007231790867624131,0.0001748069696584699,0.0001748069696584699,-0.0,0.0684475,0.0,0.0,0.0,0.0,0.0,0.0,0.0,0.0,0.0,0.0,0.0,0.0
0.0034223749999999996,0.0034223749999999996,1.0,1.771054523853868,1.2422372727272726,0.014463581735248261,-0.0021471651812656426,-0.0021471651812656426,0.0,0.0684475,0.0,0.0,0.0,0.0,0.0,0.0,0.0,0.0,0.0,0.0,0.0,0.0
