step,time,baseline_particles,surrogate_particles,particle_count_delta,position_rmse,position_rel_l2,position_max_abs,gamma_rmse,gamma_rel_l2,gamma_max_abs,sigma_rmse,sigma_rel_l2,sigma_max_abs
1,0.0034223749999999996,201,301,100,0.0,0.0,0.0,0.002833589168053907,0.04835201134404073,0.008012970757671795,0.0,0.0,0.0
2,0.006844749999999999,402,482,80,0.004021504211370916,0.004256907125676298,0.023816161161548714,0.021554280925984916,0.4643191642226935,0.07801757453211221,8.729487995618811e-05,0.0012758010475301678,0.0003410058533740157
3,0.010267124999999998,564,583,19,0.0060132459217892295,0.00625270828215879,0.023812940168193797,0.008248881512447804,0.2318957513829889,0.06363489835855556,0.00013646575914779807,0.0019946551961738676,0.0005334192011707956
4,0.013689499999999999,755,684,-71,0.0081634525405296,0.008405328247411052,0.026451570729280702,0.012792292344216201,0.42368937350702485,0.12934741200247996,0.00017697505823136182,0.0025871769432811225,0.0006223920749239137
5,0.017111875,953,785,-168,0.0106884001817573,0.01096114822878432,0.03689642415111971,0.01161505573013499,0.43358774712579917,0.12933156595898393,0.00024293282449405139,0.0035531498071122492,0.0008680796408395142
6,0.020534249999999997,1154,886,-268,0.013554500593897087,0.013812474953683646,0.04626770851590938,0.011347478373761308,0.46630460740200025,0.18830869812561357,0.0003616511064662085,0.005294303908233286,0.0014481624457882147
7,0.023956624999999995,1355,987,-368,0.01672317927593096,0.01692187056761937,0.04941261783542486,0.011709936033575587,0.5213358080406719,0.1875379639069107,0.0005046426780286249,0.007395772217592776,0.002001968243157126
8,0.027378999999999994,1556,1088,-468,0.02004220910697826,0.020128944912200783,0.058233163264235714,0.011990393328361743,0.5718976703674745,0.1862576647812729,0.0006426770105868829,0.009428820313157435,0.0023229780447762693
9,0.030801374999999992,1757,1189,-568,0.023339690756582387,0.02325876562588633,0.0662386700698252,0.012840405523374654,0.6506222662227455,0.1846179525821297,0.0007683952497137781,0.011283717334493883,0.002425438604237759
10,0.03422374999999999,1958,1290,-668,0.026481359618498852,0.026179534864070493,0.07942314934893428,0.014328173299638338,0.7662158184342039,0.18271912920402353,0.0008799610935107798,0.01293240415725371,0.0027340248684752794
11,0.03764612499999999,2159,1391,-768,0.02944861502902395,0.028877575875280077,0.08740031600894456,0.017280405671325313,0.9701364682362899,0.1806384391892305,0.0009781214783455513,0.014385399587216265,0.003226246643893843
12,0.04106849999999999,2360,1492,-868,0.032216549466611906,0.0313339074262572,0.0949156328891827,0.021626943430756093,1.26915038065264,0.17844213765766143,0.0010709209396683355,0.015760649296300517,0.0037382300539404167
13,0.044490874999999985,2561,1593,-968,0.03481202406606109,0.033580353621915596,0.10763926166518104,0.02431040089223267,1.4858674066006663,0.151199714339361,0.001165078499515619,0.017157007391286342,0.004019603151502446
14,0.047913249999999984,2762,1694,-1068,0.0372321001658015,0.035619346231583485,0.11275352635893678,0.0271699869704089,1.72432034393452,0.15158734297694632,0.0012656275530542745,0.01864923396179592,0.004502795970702314
15,0.05133562499999998,2963,1795,-1168,0.039496196110667806,0.03747454225085693,0.12221492069783121,0.028351974556264987,1.8634238476944462,0.15181737197199482,0.0013707692761831373,0.02021158575648329,0.00512758574373276
16,0.05475799999999998,3164,1896,-1268,0.0416275961526458,0.039172518053835766,0.12684952053891854,0.02944057111240759,1.9993304347128376,0.15204956082700474,0.0014746969051191482,0.021758586926236962,0.005589564666822713
17,0.05818037499999998,3365,1997,-1368,0.04365894108981327,0.04074774159048159,0.13565648722208867,0.030931091601167835,2.166089523172801,0.15228580692606672,0.0015810647675856195,0.023343755834224298,0.006239486221455912
18,0.06160274999999998,3560,2098,-1462,0.045619404711857055,0.04219830274078997,0.14315518515209974,0.031936426244828654,2.30027614784081,0.1525231420762176,0.0016857277930234743,0.02490594514875864,0.006900442897237069
19,0.06502512499999998,3757,2199,-1558,0.0474956317390074,0.04355841374198039,0.14927780030464585,0.031520276725297725,2.3322032942737336,0.15276315793139597,0.0017906963808243118,0.026473913988595978,0.0075152842778299506
20,0.06844749999999998,3944,2300,-1644,0.04938407557423364,0.04485920511423535,0.15530123615246733,0.0316451361300669,2.398999727312566,0.15300543964943947,0.0018956528703752114,0.028043797559829838,0.008055441608505506
21,0.07186987499999999,4140,2401,-1739,0.05117192717428023,0.04609231285409915,0.16342700394030685,0.03299980506353789,2.5631075114656814,0.15420132007653786,0.001995007811892964,0.02953106200569547,0.008490077848618202
22,0.07529224999999999,4316,2502,-1814,0.05302625208530826,0.047279379978792,0.16919531060758458,0.03292926452448008,2.611527354544883,0.15396987994631678,0.002097617224018707,0.031069381496515086,0.008690425348358163
23,0.078714625,4509,2603,-1906,0.05475996440430536,0.048413461491528566,0.17622389177783368,0.032071447926621206,2.5998244108281074,0.15373739671629666,0.0021921573402028157,0.032487362316524396,0.009177470226224275
24,0.082137,4676,2704,-1972,0.056621344066571315,0.04954324296104177,0.184118702393883,0.031158411224951575,2.572355139968194,0.2057259177105331,0.0022891540461113078,0.033945255405059466,0.009626259645836306
25,0.08555937500000001,4863,2805,-2058,0.05836038550782269,0.050622779235376655,0.19143120440649886,0.030247892011707644,2.5468031372163398,0.2072256700001003,0.0023762951970530376,0.035255530702573167,0.010134553012810403
26,0.08898175000000001,5025,2906,-2119,0.060211433123434244,0.05169807707448088,0.19770153137863117,0.031050425610958887,2.65786546301688,0.2085193287434036,0.00246355102525327,0.036570905479544474,0.01067188105391162
27,0.09240412500000002,5205,3007,-2198,0.06193856114292725,0.05270913444764744,0.20186202220111538,0.030905752819564435,2.692737383331153,0.20960297773424175,0.0025445295874369465,0.03779151865503313,0.011189889892680875
28,0.09582650000000002,5343,3108,-2235,0.06389705175829336,0.053829483480834384,0.20594489528452609,0.03000585922960884,2.6491576408564548,0.21047992493041193,0.002633802214838567,0.0391410142126226,0.011701778326159491
29,0.09924887500000003,5519,3209,-2310,0.06562405918910898,0.054797507424293616,0.21593035298975,0.02923480530303803,2.6236162523354016,0.1550411242532093,0.0027094685487054826,0.04028402571950096,0.012183937720488335
30,0.10267125000000003,5620,3310,-2310,0.06777357415651036,0.0560044993988171,0.22153358313458849,0.02909046178944442,2.6349133176024258,0.19454422023856713,0.002799315550157999,0.041648299975552125,0.012649386376550019
31,0.10609362500000004,5785,3411,-2374,0.06954879392178523,0.056962208787392,0.2296005560732901,0.028596094408024103,2.6283150181636588,0.19613418997156473,0.002871639514689285,0.04274364952585607,0.013082520435546578
32,0.10951600000000004,5886,3512,-2374,0.07169712216080676,0.05812549634553645,0.2344412764683617,0.028026221727259677,2.5988319461694926,0.19759650450645003,0.0029574811959864845,0.04404955625779704,0.013516623150092819
33,0.11293837500000005,5997,3613,-2384,0.07378051703949541,0.05923222831642474,0.23975312474920116,0.028042847166213514,2.6252874934657324,0.19892120036774485,0.003036141756575963,0.04524759044391076,0.013935979199477574
34,0.11636075000000005,6098,3714,-2384,0.07590779697267659,0.06033652823786879,0.24724251905910324,0.02835406994075866,2.6772303297417026,0.20008043279438145,0.0031141560346818345,0.046437917920827694,0.014308545238631981
35,0.11978312500000006,6199,3815,-2384,0.07802966057025659,0.0614163637444537,0.25365392116465224,0.028202826457774263,2.685483247644754,0.20106552664606386,0.0031924148092806613,0.04763218411014403,0.014700800166195196
36,0.12320550000000006,6300,3916,-2384,0.08013888930666486,0.06246669789872003,0.25655961176797565,0.02794936300810535,2.683539730634303,0.20187232563104154,0.003267726571100742,0.04878266070419791,0.015080569537949902
37,0.12662787500000006,6401,4017,-2384,0.08222682709386897,0.06348159300203383,0.2608338690810482,0.0276469024570912,2.6763242247823342,0.18251567019894566,0.0033413480382350302,0.04990808181673627,0.015448326586956322
38,0.13005025000000006,6502,4118,-2384,0.08429796167222166,0.06446540542141471,0.26690596464677696,0.027590394757979184,2.6925217409691404,0.18369027485740835,0.0034117709584519846,0.05098594995442914,0.015757072363649066
39,0.13347262500000007,6603,4219,-2384,0.08635156960015332,0.06541840205269284,0.27413945587329747,0.027000938276564083,2.6561006114694212,0.184785953352444,0.0034797497999026895,0.0520275615627697,0.016087241127664326
40,0.13689500000000007,6704,4320,-2384,0.08838151986817673,0.06633680319435667,0.2858766928197183,0.026686670783376734,2.645950644810478,0.18579087849509357,0.0035465690738772605,0.053052166199044765,0.01642008254535035
41,0.14031737500000008,6805,4421,-2384,0.09037660967853556,0.06721321937665141,0.2862511897828979,0.026659938601996638,2.6639600975255946,0.18669595954262322,0.0036105012355529932,0.0540339616065661,0.01674245740289522
42,0.14373975000000008,6906,4522,-2384,0.09234492986278789,0.0680547680671524,0.29367596136258806,0.026796218035592942,2.6982658799526535,0.18749001487703149,0.003674508974996935,0.05501730912244846,0.017054374345898467
43,0.1471621250000001,7007,4623,-2384,0.09428161575557596,0.06885886848210018,0.30032728554552784,0.027385871655691854,2.7787093249274175,0.16101427137394225,0.0037363097750646975,0.05596807567494778,0.017356340990453044
44,0.1505845000000001,7108,4724,-2384,0.09618648845761875,0.06962643660970359,0.3038776631489855,0.027592073976334713,2.8207838632196527,0.16191001656910334,0.003799084626905921,0.056933959738677556,0.017753640293741033
45,0.1540068750000001,7209,4825,-2384,0.09805815065318475,0.07035749350521435,0.3073616814902542,0.02764685698806214,2.8475094297802332,0.16278849312073196,0.00386054950051926,0.05788077580201073,0.01825939865662308
46,0.1574292500000001,7310,4926,-2384,0.09990129789389814,0.07105639866221132,0.31366453239328423,0.027441807867585422,2.8472882139247604,0.16363321235175388,0.003917114459186918,0.058754658928739725,0.018550138390756234
47,0.1608516250000001,7411,5027,-2384,0.10171534147998526,0.07172363585383612,0.31869207427901086,0.02740051639921255,2.86379774733052,0.1644263853879156,0.003973680105357919,0.059629052686020756,0.018832233318594085
48,0.16427400000000011,7512,5128,-2384,0.10350165969563377,0.07236104283677416,0.3230366389000803,0.02737203997940488,2.8815187960424975,0.16516189781996946,0.004026956671419791,0.06045456529884544,0.019105932493193103
49,0.16769637500000012,7613,5229,-2384,0.10525737507824448,0.07296743804378909,0.32805984931885085,0.02704294579141605,2.867247892960496,0.15914923289481644,0.004080473366194662,0.06128413029870226,0.01937147449811668
50,0.17111875000000012,7714,5330,-2384,0.10698393047846758,0.07354463740020438,0.3373122018759168,0.02684145814323375,2.8660292736818564,0.1590645073430707,0.004133611161699033,0.06210843113787429,0.019629162232350512
51,0.17454112500000013,7815,5431,-2384,0.10868305852319557,0.07409457907033404,0.34615510566294283,0.02688539377310426,2.8908172083085804,0.15904706454886944,0.004188301480729298,0.06295646229650549,0.019879290032533005
52,0.17796350000000014,7916,5532,-2384,0.11035307261514228,0.07461681137033331,0.35040161207819387,0.026923877030808615,2.914998406387574,0.16906887045019162,0.004240002619811787,0.06375991471768906,0.020122120836498718
53,0.18138587500000014,8017,5633,-2384,0.11199297321262101,0.0751113418629021,0.35544056797123513,0.026731056368044466,2.913937616993236,0.16874460279854864,0.004290904409269177,0.06455163288933093,0.020357969314273215
54,0.18480825000000015,8118,5734,-2384,0.11360335035045471,0.07557921894235829,0.3557671652283068,0.026622428185337492,2.921741924059066,0.16843619858770012,0.00434256412356853,0.0653549866635364,0.020587096523113545
55,0.18823062500000015,8219,5835,-2384,0.11518500087167795,0.07602158170719438,0.36401757461343587,0.027019214344478487,2.9851324123107044,0.16814478913643496,0.00439284065915561,0.06613770476034118,0.020809845208562286
56,0.19165300000000016,8320,5936,-2384,0.11673938296677104,0.07643995445169166,0.36441815928013005,0.02699870236721594,3.0025975219747223,0.16787354710702782,0.004443434091016014,0.06692531798441007,0.02102645840829369
57,0.19507537500000016,8421,6037,-2384,0.11826889992997208,0.07683642138897916,0.37275957339650295,0.027279746102339675,3.0536866296841327,0.16766690649764715,0.004492767883425791,0.06769403963736616,0.021295817061323927
58,0.19849775000000017,8522,6138,-2384,0.1197777858041311,0.07721417810246156,0.3749335406549505,0.027254331054063254,3.0705507494726367,0.16747791705230192,0.004544203611870927,0.06849447864453459,0.021570846740917124
59,0.20192012500000017,8623,6239,-2384,0.12126579902025575,0.07757345747833046,0.3841367394490206,0.027135214791418154,3.0766494352401628,0.1673666850691854,0.004590030557071104,0.06921037385045739,0.021840516793781253
60,0.20534250000000018,8724,6340,-2384,0.12273270553352103,0.07791449278253579,0.39457141892106545,0.026925103791671873,3.0720910618012174,0.16727854374532442,0.0046407872382806985,0.0700005608164832,0.022105467085860163
61,0.20876487500000018,8825,6441,-2384,0.12418150965627817,0.07823955266998532,0.3949190678966338,0.02656959226885835,3.0504400262211226,0.1672821759862692,0.004691780440510566,0.0707942709201676,0.022365728831706892
62,0.2121872500000002,8926,6542,-2384,0.12560916802017305,0.07854706201049741,0.4052607340146949,0.026375089204532756,3.046794094785132,0.16730283594064907,0.004741158381040567,0.07156352624933474,0.022621721553059165
63,0.2156096250000002,9027,6643,-2384,0.12701901439619245,0.07883945711016957,0.40567920042911015,0.0265076296473936,3.0808015599132177,0.1673849697788519,0.004789446058460945,0.07231619681500051,0.022873800982198614
64,0.2190320000000002,9128,6744,-2384,0.1284109399823799,0.07911698912839964,0.4158732851545706,0.026395846800977868,3.0863533667567316,0.16745595030615165,0.004837913965954152,0.07307143537672466,0.023122566619416925
65,0.2224543750000002,9229,6845,-2384,0.12978582676390013,0.07938051830924976,0.41642564524123576,0.026292688285593533,3.092695088082946,0.1675788033383915,0.004887302237255779,0.07384041214526496,0.02336826793938753
66,0.2258767500000002,9330,6946,-2384,0.1311443705114336,0.07963077668095275,0.4168280330742481,0.026322372140189232,3.1145559091056567,0.16768941851806118,0.00493531226964771,0.07458839165377439,0.02361145284535509
67,0.22929912500000021,9431,7047,-2384,0.1324879970891431,0.07986892540136936,0.4221527331318129,0.026403283415464822,3.1425080496304982,0.16781605918602496,0.004983624823256613,0.07534077065016105,0.023852489689021712
68,0.23272150000000022,9532,7148,-2384,0.13381827731325124,0.08009619045606263,0.4284419999247463,0.026603561636022923,3.184823984471156,0.16961678707511174,0.005032596159031259,0.07610295473550396,0.02409193463226493
69,0.23614387500000023,9633,7249,-2384,0.13513513109503056,0.08031279271591812,0.42892351352496894,0.026628166805253213,3.2062382836397463,0.16974412231280847,0.005080577535437256,0.07685003557038056,0.02433018999067607
70,0.23956625000000023,9734,7350,-2384,0.13643929330793925,0.0805194356724289,0.4383672485466701,0.02657759322188006,3.2185605277156344,0.16985314030953952,0.005126956385866906,0.07757275881647084,0.024567757037943463
71,0.24298862500000024,9835,7451,-2384,0.13773328897507314,0.08071785898228975,0.44392166453997506,0.026715455059193677,3.2537511250530935,0.1699408311474456,0.0051731198989554954,0.0782921259881128,0.02480489388219253
72,0.24641100000000024,9936,7552,-2384,0.13901651036623391,0.0809079338675017,0.451053482321104,0.026834957090231624,3.2868765637417527,0.1699974697950412,0.005218341434055041,0.07899716007166054,0.025041913602548926
73,0.24983337500000025,10037,7653,-2384,0.1402889736442494,0.08108989324078704,0.45138407490221755,0.026917200691448543,3.315574389410367,0.17002435852161069,0.005265037516867946,0.07972445473066749,0.0252789580875036
74,0.2532557500000002,10138,7754,-2384,0.14155056672831243,0.08126388278217173,0.4632007797279106,0.02686678195299585,3.3279543371307083,0.17002794311563774,0.00530986913725818,0.08042346258169718,0.025516626741905767
75,0.2566781250000002,10239,7855,-2384,0.1428015092709601,0.08143022320642374,0.4636400999616058,0.026821729255234024,3.340939433803271,0.17000074893162176,0.005354331263753587,0.0811167995864617,0.02575495367621538
76,0.2601005000000002,10340,7956,-2384,0.14404045004957713,0.08158832254779153,0.4703565518810272,0.026742416343462944,3.349579789345003,0.1699570395663741,0.005401262057754013,0.08184745287458939,0.02599420527553936
77,0.26352287500000016,10441,8057,-2384,0.1452692274800814,0.08173938377270597,0.47625853178833644,0.02647528618479259,3.334468135037336,0.16989308228172173,0.005444414836918902,0.0825207391087905,0.026234084308035574
78,0.26694525000000013,10542,8158,-2384,0.14648671284554984,0.0818829033952504,0.4767671808491931,0.02617426337365308,3.3147086890364577,0.16981081316565044,0.005490685652905657,0.08324113472664305,0.026474476241908185
79,0.2703676250000001,10643,8259,-2384,0.14769595568922217,0.08202069744649564,0.48373762500453954,0.026126379381011665,3.32678050847451,0.16969354075141418,0.005533359301108468,0.08390681518438318,0.026715083483563946
80,0.2737900000000001,10744,8360,-2384,0.1488964945633838,0.08215258386119793,0.484276302551391,0.026027792645018696,3.332310147876668,0.16957234927753737,0.005578291477010468,0.08460652967061681,0.026955734406712728
81,0.27721237500000007,10845,8461,-2384,0.15009103886117883,0.08228011300686162,0.49088855182622515,0.02611430180379653,3.361537431358056,0.16945711847499204,0.0056202527040467775,0.08526094127007959,0.027195923405676184
82,0.28063475000000004,10946,8562,-2384,0.15127968842171113,0.08240336746116149,0.49680787371482293,0.026196279343434836,3.390306063182218,0.16935130568141132,0.005666176566072414,0.08597519972084454,0.027435274330940874
83,0.284057125,11047,8663,-2384,0.15246364517685618,0.08252301969155963,0.49732009651401166,0.02618800520949721,3.40745384072749,0.16926384510237627,0.00571165520515478,0.08668242792340516,0.027673201075896117
84,0.2874795,11148,8764,-2384,0.15364436910939402,0.0826398617931058,0.5103449529844989,0.026343504344341472,3.4460173939566165,0.16919801976089657,0.005751980962721645,0.0873111325378343,0.02790903902159564
85,0.290901875,11249,8865,-2384,0.15482073151999096,0.08275328342566807,0.5109404101403877,0.026423576010591043,3.4748786871043817,0.16948603357603417,0.005793852869760944,0.08796294828492557,0.02814207001997101
86,0.29432424999999995,11350,8966,-2384,0.1559940807198032,0.08286400658148665,0.5114453855770298,0.026553232268783953,3.510406994130213,0.16947324939494315,0.005835184377780766,0.08860617796461988,0.02837163346715845
87,0.29774662499999993,11451,9067,-2384,0.15716467630795797,0.0829721637557987,0.517642388018635,0.026453635188065237,3.515652170865058,0.16949285249001583,0.0058829964021926764,0.08934742499613915,0.028596897637509812
88,0.3011689999999999,11552,9168,-2384,0.15833184624742086,0.08307740095930927,0.5255996220608672,0.026427673080231893,3.5306028600449437,0.16954412682857964,0.0059235727426247935,0.08997837300197013,0.0288410994316054
89,0.3045913749999999,11653,9269,-2384,0.1594943847915714,0.08317910155974004,0.5261588423947784,0.026366420202496216,3.540786389708845,0.16962688663339381,0.005963903727222599,0.09060514918987429,0.029097302854098533
90,0.30801374999999986,11754,9370,-2384,0.16065024748346216,0.08327623672526371,0.5336888750483734,0.02630227756377654,3.550509356403305,0.16973984613102255,0.006010380418334601,0.09132488417229437,0.029351309451010346
91,0.31143612499999984,11855,9471,-2384,0.16179899084622582,0.08336863717479435,0.5342691928344326,0.0261087393973431,3.5426103846931287,0.1698765709888194,0.006050278845178744,0.0919442620802081,0.029602086767831083
92,0.3148584999999998,11956,9572,-2384,0.16293965618111989,0.08345588232728593,0.5412539974630926,0.026027261685308462,3.5497587288091768,0.17002265819547635,0.006092533083080233,0.09259902525051943,0.029848616907073543
93,0.3182808749999998,12057,9673,-2384,0.16407046229003516,0.08353715372681235,0.5495991494320632,0.026119970948550824,3.5807079168761913,0.17018252976637693,0.006133869376146241,0.0932394321150285,0.030090090047688325
94,0.3217032499999998,12158,9774,-2384,0.16519234485655412,0.08361303664427089,0.5503918279915856,0.02611578700322647,3.5984770656511254,0.17034684183295093,0.006173945533038694,0.09386028930027952,0.030325691860852058
95,0.32512562499999975,12259,9875,-2384,0.16630366055788895,0.08368281382409361,0.5511242687379538,0.02610677189961649,3.615616380011063,0.17050799702662015,0.00621429188089924,0.09448488032220843,0.030554615069176796
96,0.32854799999999973,12360,9976,-2384,0.16740425854396784,0.08374654027931126,0.554731806706883,0.026198125278431423,3.6467578548330883,0.17065983989764533,0.006252910795824583,0.09508285149890237,0.030776123043115125
97,0.3319703749999997,12461,10077,-2384,0.1684955176961365,0.08380503798930865,0.5607196455133129,0.02631650474116513,3.681856758827632,0.17080170262778818,0.006291905960596691,0.09568621587244573,0.03098970593998992
98,0.3353927499999997,12562,10178,-2384,0.1695768887349444,0.08385816032015182,0.5764018950889185,0.02654157218382142,3.7321752460719866,0.17092609963321342,0.006327402433113875,0.09623606582698517,0.031194881865529496
99,0.33881512499999966,12663,10279,-2384,0.1706480318655675,0.08390587046541448,0.577323609382792,0.02678305205337749,3.785181653545359,0.17103366710399945,0.006367037249652246,0.0968485774959576,0.03139130835968477
100,0.34223749999999964,12764,10380,-2384,0.1717109646444965,0.0839492843151758,0.5781910056850917,0.026861109373740956,3.815365326085505,0.17111755102564383,0.006402829748792314,0.09740238710992605,0.03157904784295081
101,0.3456598749999996,12865,10481,-2384,0.1727657246246566,0.08398852698673864,0.5867176141865958,0.02699902539625032,3.8542479824517715,0.1711788805787418,0.0064409487209863186,0.09799134975300575,0.03175820227262027
102,0.3490822499999996,12966,10582,-2384,0.1738127646358276,0.08402391713119062,0.5876068320107842,0.027116361965676412,3.8904178218690135,0.17121746577453317,0.006474862730209183,0.09851611234909045,0.0319290286347342
103,0.35250462499999957,13067,10683,-2384,0.17485407617455326,0.08405649750512932,0.5943344468763397,0.027315830938125767,3.938635729596629,0.17143591605743913,0.006509927611184964,0.09905816331512123,0.03209195507929847
104,0.35592699999999955,13168,10784,-2384,0.17589026487721124,0.08408661522156341,0.5952522086215583,0.027222672071680182,3.9447677217534562,0.17202865557060587,0.006546318174577313,0.09962017673083731,0.032247501419608054
105,0.3593493749999995,13269,10885,-2384,0.17692164617271494,0.0841144598823108,0.5974579469584093,0.02715110958367523,3.9539370308345907,0.17262504091577296,0.006587139222977116,0.10024941204457619,0.03239625697420624
106,0.3627717499999995,13370,10986,-2384,0.17794888901757938,0.08414037326783129,0.5991822959260618,0.02725105558812073,3.988121611545341,0.17322556842425732,0.006620903253083411,0.10077104275587784,0.03253886250461627
107,0.3661941249999995,13471,11087,-2384,0.17897143772281746,0.08416410189468738,0.6089210187629703,0.02720786912979734,4.0014104265809465,0.1738293505316115,0.006657927688894014,0.10134208331569462,0.032676009864654146
108,0.36961649999999946,13572,11188,-2384,0.17998896335487408,0.08418549346504609,0.6155734310694205,0.027034933254573353,3.995466834300072,0.17457418114184858,0.006693654905138227,0.10189315665220425,0.03277094029661404
109,0.37303887499999944,13673,11289,-2384,0.18100072883545987,0.08420420132477695,0.6169455402423253,0.02679813554515786,3.9797869839702504,0.1750582740483064,0.006726400025780086,0.10239859741281174,0.032898486884301865
110,0.3764612499999994,13774,11390,-2384,0.1820068768795528,0.08422028935551118,0.6213559237153352,0.026647753173729916,3.976651693639105,0.17566277909123387,0.006753670698053692,0.10282043078170769,0.03302206779276982
111,0.3798836249999994,13875,11491,-2384,0.18300683161609033,0.08423348520098248,0.6226220470521368,0.026635852734719113,3.9940463728895903,0.17627890457669637,0.006786943953031645,0.10333336939343331,0.033142023297196704
112,0.38330599999999937,13976,11592,-2384,0.1839991502796856,0.08424312466959247,0.6297776018534051,0.026577989150404706,4.004474533984366,0.17689876703245652,0.006823075930380274,0.10388953479606128,0.033258418728383116
113,0.38672837499999935,14077,11693,-2384,0.18498330446100225,0.08424897634236284,0.6309557375457033,0.026639416605088513,4.032855920937802,0.17751760505389988,0.006854684861054396,0.10437649915895944,0.03337140859888386
114,0.3901507499999993,14178,11794,-2384,0.18595945352251916,0.08425112853539866,0.6355371674192325,0.02670015796317242,4.061200767459981,0.1781486962498196,0.006887350788501304,0.10487919797672227,0.03348100360426984
115,0.3935731249999993,14279,11895,-2384,0.18692758460365086,0.08424959656686488,0.6503550067382953,0.02682858234458864,4.099954369598831,0.17878263092730787,0.0069199606351510075,0.10538065085221797,0.033587033425312295
116,0.3969954999999993,14380,11996,-2384,0.18788843769757618,0.08424473856429703,0.6557197639272632,0.026657720758013703,4.092926635629352,0.17942030382083382,0.006945841333587977,0.1057791974756102,0.03368926483368914
117,0.40041787499999926,14481,12097,-2384,0.1888424766519991,0.08423678940583137,0.6629893061770498,0.026697393710187128,4.1181256199950225,0.1801186680136093,0.006969878494561667,0.10614920053173242,0.03378743151345472
118,0.40384024999999923,14582,12198,-2384,0.18978979113466798,0.08422582086096297,0.6649262004305274,0.026698078320472586,4.137339708801459,0.180817358953919,0.006998776954442899,0.10659274083506604,0.03388107165760829
119,0.4072626249999992,14683,12299,-2384,0.19072969170922344,0.08421156743083046,0.6699704063996066,0.02678082564269296,4.169342691701524,0.18151549631334854,0.007023387567957446,0.10697045785447434,0.03396990352551892
120,0.4106849999999992,14784,12400,-2384,0.19166418395954818,0.08419495917078075,0.671073965666886,0.02674349440892372,4.182706542736986,0.18221255803572226,0.0070513227332973764,0.107398289175063,0.03405355669869344
121,0.41410737499999917,14885,12501,-2384,0.19259308606521236,0.08417595765094038,0.6721428164993846,0.026688620598068192,4.193295707255204,0.18290606424646208,0.007075120778263259,0.10776257896497161,0.034131550365344925
122,0.41752974999999914,14986,12602,-2384,0.19351693766612071,0.08415484591899741,0.677776947695842,0.026669197714023762,4.209446369037992,0.18359577096065388,0.00710438006657802,0.10820953222944092,0.034203409045255234
123,0.4209521249999991,15087,12703,-2384,0.1944360448669005,0.08413180577583815,0.6866068927971019,0.02666414317242578,4.227901037066125,0.1842850530169055,0.0071313026190242485,0.10862039669754134,0.03477867077006654
124,0.4243744999999991,15188,12804,-2384,0.1953500232653588,0.08410672288318391,0.6877170017619987,0.02673610878794461,4.258675084704922,0.1849742570497654,0.007152735863833758,0.10894719360970123,0.035488700912315874
125,0.4277968749999991,15289,12905,-2384,0.196259560530889,0.08407994751287298,0.6887992049354483,0.02682289004279211,4.291993142881375,0.18566108960830457,0.007177689690570573,0.10932720797623266,0.03619057384897947
126,0.43121924999999905,15390,13006,-2384,0.19716582063837218,0.08405202918703496,0.7065218889768281,0.02689343121779511,4.322894627013859,0.18634531208389396,0.007200166859873575,0.10966914574513843,0.036887500502711765
127,0.43464162499999903,15491,13107,-2384,0.19806751266695172,0.08402246612502907,0.7085184742688484,0.027043723803395276,4.366850680743213,0.18701839500736586,0.0072234975268961965,0.11002378634448559,0.03757559975494196
128,0.438063999999999,15592,13208,-2384,0.19896503915773944,0.08399148105542345,0.7104927441861404,0.027159079270264924,4.405432382890719,0.18769097207317975,0.007244890154291924,0.11034867306357321,0.03825186028224265
129,0.441486374999999,15693,13309,-2384,0.19985793697801513,0.08395892609639068,0.7167431106313182,0.027269254137206083,4.443411656618501,0.1883596383504211,0.0072623852162947795,0.11061401640582408,0.038914303041547235
130,0.44490874999999896,15794,13410,-2384,0.2007462475606895,0.08392486215876808,0.720748975079389,0.027122865266594128,4.439630103564859,0.18902646800090026,0.007285214547059952,0.11096047466035286,0.039561945728565535
131,0.44833112499999894,15895,13511,-2384,0.2016311481086194,0.08388981506890623,0.7225960124843291,0.027112964513603,4.458137529289635,0.18969168709297735,0.00730834179006917,0.11131138077400897,0.04023566198544562
132,0.4517534999999989,15996,13612,-2384,0.20251325902473494,0.08385406230623313,0.726654609018212,0.027228709067036765,4.497443622174122,0.19035216740313682,0.007329784560128954,0.11163657100992096,0.04085427629919346
133,0.4551758749999989,16097,13713,-2384,0.2033916057453244,0.083817211165008,0.7284282597135094,0.02726552627327947,4.523876653494505,0.1910098338559919,0.007350134771441473,0.11194508840801581,0.041459987624689026
134,0.4585982499999989,16198,13814,-2384,0.2042664778582992,0.0837793853681588,0.7354727421034579,0.027303018697426608,4.550525001561652,0.19166290010353018,0.007371897679826015,0.11227510967095074,0.04205478520625987
135,0.46202062499999885,16299,13915,-2384,0.20513845113379423,0.08374081620938967,0.7516083361896768,0.02732320185379404,4.574381336496142,0.19231369083454683,0.007393576280645359,0.11260385566763086,0.04266558503061982
136,0.46544299999999883,16400,14016,-2384,0.20600886121037085,0.08370203369517479,0.7533032580644012,0.02731928639227324,4.594258514485267,0.19296222430986204,0.007414642193329951,0.11292329764609645,0.04324561857740701
137,0.4688653749999988,16501,14117,-2384,0.20687852361083914,0.08366334322572959,0.758360580478302,0.027200913316855743,4.594843446498092,0.19360730618965177,0.007435456123457166,0.11323895750188412,0.04382948706492854
138,0.4722877499999988,16602,14218,-2384,0.20774577776767678,0.08362404550107838,0.7655612425645131,0.027300779289637794,4.632329286238518,0.19448554216702232,0.007452471967182426,0.11349686381818572,0.04441747431130492
139,0.47571012499999876,16703,14319,-2384,0.20861238446515745,0.08358482499524304,0.767246359826087,0.027329884533505627,4.657967877687322,0.19512947754520826,0.007471602528385102,0.11378710149037904,0.04499959368100637
140,0.47913249999999874,16804,14420,-2384,0.20947797103712174,0.08354550490652334,0.7689191421696127,0.027363327058275717,4.684462486142291,0.19577164063547212,0.00749644951918284,0.11416455716245212,0.04569664966480305
141,0.4825548749999987,16905,14521,-2384,0.21034426010448054,0.08350674657166082,0.7705804699127428,0.027456759750488897,4.721407923773043,0.1964104939903218,0.007512233022038172,0.11440418071068073,0.04639539436053705
142,0.4859772499999987,17006,14622,-2384,0.2112098894380697,0.08346798441049863,0.7722308985973327,0.02737355376365313,4.72807818735787,0.19704735155218747,0.007534019614478278,0.11473545806712399,0.0470952349364672
143,0.4893996249999987,17107,14723,-2384,0.21207674973377597,0.08342994841540256,0.7738712682687443,0.0273418571967715,4.74364910043551,0.19768194427668506,0.007551967974854432,0.11500855841831137,0.047866196739917995
144,0.49282199999999865,17208,14824,-2384,0.2129441478580473,0.08339234913245334,0.7854333053396212,0.027342640858706295,4.7649280344835665,0.19831554327643405,0.007571569431451313,0.11530714080381028,0.04856467465664601
145,0.4962443749999986,17309,14925,-2384,0.21381114563826403,0.08335481296803286,0.7870877935233875,0.02727000891970939,4.773449116510817,0.19894688014630255,0.007592390476115117,0.11562462841301259,0.04926069174109977
146,0.4996667499999986,17410,15026,-2384,0.21467841111886793,0.0833176018885542,0.7887323329526388,0.02713722203129988,4.771373640274055,0.19957650416759481,0.0076124822453917974,0.11593136151554395,0.04995316393180013
147,0.5030891249999986,17511,15127,-2384,0.21554632297304627,0.08328086726081464,0.7903680687667483,0.02706170278905104,4.7792942912674405,0.20020362817531792,0.007631252509104654,0.11621833536697587,0.0506403221445023
148,0.5065114999999986,17612,15228,-2384,0.2164145519546193,0.0832444903809004,0.798364981660157,0.02701877655782737,4.7929699987866545,0.2008284225458696,0.007650019750973632,0.1165056371490786,0.05132108865785857
149,0.5099338749999985,17713,15329,-2384,0.21728360626184945,0.08320867914316636,0.8000029978307781,0.027062643597418053,4.8221327129492915,0.201522525321707,0.007663764276367622,0.11671681408880433,0.05199390671109648
150,0.5133562499999985,17814,15430,-2384,0.21815209601089225,0.08317291788841683,0.8016312148012208,0.02703659385086555,4.838946094141596,0.20224006372145656,0.0076806615859782955,0.11697637004916536,0.05267543755832295
151,0.5167786249999985,17915,15531,-2384,0.21901923426633838,0.08313693100236434,0.8032505974126349,0.026865698022318328,4.8297717525418165,0.2029464234490411,0.007703438102540627,0.11732582294719095,0.053326888054172794
152,0.5202009999999985,18016,15632,-2384,0.21988598500942338,0.08310111098275452,0.8048619028485475,0.02672828168404516,4.826464893632316,0.20364538140350996,0.0077200292255048255,0.11758140475239681,0.05396431505658345
153,0.5236233749999984,18117,15733,-2384,0.22075088346556096,0.08306492935601095,0.8064658480098095,0.026542345751552104,4.814225232023211,0.20433519052920326,0.007740631321143068,0.117898389557799,0.05458509575671749
154,0.5270457499999984,18218,15834,-2384,0.22161417541294404,0.08302850631684618,0.8080627104296136,0.026496355195378008,4.827268657652095,0.2050173448986686,0.007756305654125797,0.11814058708378228,0.05518566024968924
155,0.5304681249999984,18319,15935,-2384,0.22247436450101507,0.08299130721402911,0.8096518247825362,0.02650078389839694,4.849545971741569,0.20570202721969624,0.007771813623597146,0.11838045467081926,0.05576417126356387
156,0.5338904999999984,18420,16036,-2384,0.22333131575064463,0.08295330869006551,0.8112326972559183,0.026380630623244347,4.848994704676595,0.20636941385228663,0.007786718126491129,0.1186112637166401,0.05653465511354489
157,0.5373128749999984,18521,16137,-2384,0.22418494454194574,0.08291450020040879,0.8457624547062645,0.026244282298060365,4.845314255067281,0.20654310215707494,0.007805082627452382,0.11889483339822747,0.05706368018495091
158,0.5407352499999983,18622,16238,-2384,0.2250356358427057,0.08287503799323213,0.8483609896367212,0.02616814687963367,4.852623204612626,0.20719006501398296,0.007818919170306457,0.11910940144965654,0.05756606042756044
159,0.5441576249999983,18723,16339,-2384,0.22588387210306027,0.08283510396940344,0.851114495449024,0.026060632614828112,4.854008600928483,0.2078335495172312,0.007834362714717467,0.11934834719862007,0.05804278954300091
160,0.5475799999999983,18824,16440,-2384,0.22672930210774478,0.08279456508506389,0.8575169460427103,0.025969524058844312,4.858329388773486,0.20847353277337474,0.00785002877304367,0.1195905089767788,0.0584964604922113
161,0.5510023749999983,18925,16541,-2384,0.2275716202635334,0.0827532998431425,0.8599952819915169,0.025794362483576614,4.846746686400064,0.209143441144577,0.00785665231311294,0.11969469168131606,0.058930599557379816
162,0.5544247499999982,19026,16642,-2384,0.22841087062337878,0.08271130966606965,0.8624681384783259,0.02547685343945985,4.8080604356847605,0.20994938232777244,0.00787424684200038,0.1199657631736899,0.05934914872866386
163,0.5578471249999982,19127,16743,-2384,0.22924860287577908,0.08266913293201823,0.8687908388571317,0.02503772469655846,4.745847302900053,0.21074450021381178,0.00789273827830064,0.12025025218270383,0.06003094305295998
164,0.5612694999999982,19228,16844,-2384,0.23008556682177356,0.08262700847884873,0.8800832232469256,0.02478855071211734,4.7191261755723595,0.21152429898489444,0.0079036398854917,0.12041888569494762,0.060732597070099446
165,0.5646918749999982,19329,16945,-2384,0.2309217687437315,0.0825849030164391,0.8823818754587904,0.02450554252037856,4.685584920240123,0.21229641435700095,0.007922790582713316,0.12071302201848233,0.061423528491035315
166,0.5681142499999982,19430,17046,-2384,0.23175706508557273,0.08254273000295483,0.8846721827445778,0.024462502674836104,4.697722324232392,0.2130517070311279,0.007938837936253544,0.12095974904108776,0.062097307260471024
167,0.5715366249999981,19531,17147,-2384,0.2325918979347861,0.08250061291012568,0.8886809155388875,0.024377523876158654,4.701772818830421,0.21379442127535092,0.007953731785800036,0.1211888281742839,0.06274748734079487
168,0.5749589999999981,19632,17248,-2384,0.23342631878538006,0.082458537232025,0.8946163884399376,0.02426273268669579,4.6999836617530315,0.21452268627237125,0.007966858591855187,0.12139095464065937,0.0633682442250525
169,0.5783813749999981,19733,17349,-2384,0.23426142661868668,0.08241686014675279,0.8968124388030108,0.02415691973517916,4.69983900697299,0.21522753296120145,0.007979225655132049,0.1215815025549923,0.06395480395120932
170,0.5818037499999981,19834,17450,-2384,0.23509754845279768,0.08237566591655411,0.8989970249475165,0.024096999082010885,4.708572888897479,0.21591317717908623,0.008000853420786224,0.12191317451511997,0.06450365453359394
171,0.585226124999998,19935,17551,-2384,0.23593566215056225,0.08233526875131952,0.9011692319475237,0.02410536030056342,4.730697444468535,0.21658036259192098,0.008012309540438023,0.1220898835959079,0.06501282480279863
172,0.588648499999998,20036,17652,-2384,0.2367747867230618,0.08229530138097083,0.9033290731830186,0.02411424354042733,4.753028181983657,0.2172298209857807,0.008023951032070277,0.12226943814942039,0.0656821028945937
173,0.592070874999998,20137,17753,-2384,0.23761546185796714,0.08225593411661615,0.9088808090727936,0.024068203088155434,4.764589691238595,0.21786076424556994,0.008039682501166446,0.12251133071286559,0.06640898317622393
174,0.595493249999998,20238,17854,-2384,0.23845729711687008,0.08221701907804313,0.9109715831440808,0.02412905558038333,4.797400492037311,0.21847764853037635,0.008048622370097154,0.12264972812271505,0.06710521077705353
175,0.598915624999998,20339,17955,-2384,0.23930079524642664,0.08217872331975289,0.9130475375119462,0.02400661632021854,4.7937823008063845,0.21907907164059523,0.008063773076626528,0.12288273386858628,0.06776529248191954
176,0.6023379999999979,20440,18056,-2384,0.24014520096183423,0.08214078671529568,0.9151081310846616,0.023970077072054157,4.8072374534657705,0.2196721505905885,0.00808231480848222,0.12316735219938345,0.0683857204737154
177,0.6057603749999979,20541,18157,-2384,0.24099220805636873,0.0821037930487789,0.9171533975074588,0.023918956551652687,4.817737816859688,0.219591031283524,0.008099037532219204,0.12342415284966328,0.06896497466789939
178,0.6091827499999979,20642,18258,-2384,0.2418418654283825,0.08206776343207854,0.9191849115495128,0.02387009193767384,4.828642510037979,0.22027254495189744,0.008118676542332098,0.12372527505300772,0.06950194368643885
179,0.6126051249999979,20743,18359,-2384,0.2426927228859504,0.0820322166399659,0.921200014520025,0.02380804575890044,4.836815209932544,0.22094951286850023,0.008132008559444723,0.1239301488409487,0.06999790063200828
180,0.6160274999999978,20844,18460,-2384,0.24354438805437953,0.08199703864524804,0.9231980751442652,0.02372548383977491,4.84072464166023,0.22123544381598514,0.008143146199198556,0.12410144192068738,0.07045513275203155
181,0.6194498749999978,20945,18561,-2384,0.24439730604351786,0.0819624008338159,0.9283451201000581,0.023622973071255486,4.840433395296834,0.22183747508712773,0.008163840752054386,0.12441824362742356,0.0708766612797147
182,0.6228722499999978,21046,18662,-2384,0.24525104506768355,0.08192817969680256,0.930236613463211,0.023519916221905066,4.839879458857908,0.22247842320162523,0.008178538855741163,0.1246435305563866,0.07126678546901058
183,0.6262946249999978,21147,18763,-2384,0.24610553544476538,0.08189437401809463,0.9321080633151209,0.02346038394179536,4.848164336934753,0.22312735595167593,0.008200056869627912,0.12497264329862418,0.071630315722829
184,0.6297169999999978,21248,18864,-2384,0.24696161664168206,0.08186128249157483,0.9339589994258763,0.023444873277407144,4.865501098343524,0.22377305866919198,0.008223750063583436,0.12533481794258441,0.07217202358109337
185,0.6331393749999977,21349,18965,-2384,0.24781852718858643,0.08182866780582664,0.9357896581145846,0.023403963985688933,4.8775368339305185,0.2244132318572974,0.008245979220296433,0.12567462605240115,0.07305546128369145
186,0.6365617499999977,21450,19066,-2384,0.24867584350476152,0.0817964039767024,0.9375993379412049,0.0233435922563306,4.885436962996705,0.22504764543973707,0.008263297558385707,0.125939547703306,0.07394266926733853
187,0.6399841249999977,21551,19167,-2384,0.24953390581566526,0.08176461288614303,0.9393881467506457,0.023392471733116933,4.9161924889921425,0.22567612911475127,0.008288783833865202,0.12632894026088853,0.07482927088558713
188,0.6434064999999977,21652,19268,-2384,0.25039231928254074,0.08173317144455894,0.9411558765716479,0.023352478298753497,4.928270911478313,0.226298410579774,0.008309863301592427,0.12665117081029878,0.07571120380641155
189,0.6468288749999976,21753,19369,-2384,0.25125241737307125,0.08170251673439113,0.9445783702444603,0.023333125750306327,4.944636489750914,0.22691441971825393,0.00833818705625391,0.12708386173387773,0.07658555321694613
190,0.6502512499999976,21854,19470,-2384,0.2521144149539791,0.08167271405743576,0.9483653288802811,0.02330995921925902,4.960131034230439,0.22752382474983246,0.008358747141103058,0.12739833321107777,0.07744940580740195
191,0.6536736249999976,21955,19571,-2384,0.25297886257447516,0.08164393409400651,0.9521443487038943,0.023219237118215323,4.961120057687893,0.22810728408365855,0.00838116032130315,0.12774121034406907,0.0783012388668568
192,0.6570959999999976,22056,19672,-2384,0.2538451481247638,0.0816159695520072,0.9480079704070759,0.023159083670854928,4.968477454025128,0.22860716687966517,0.008405661240830127,0.12811611820589677,0.07913944144123301
193,0.6605183749999975,22157,19773,-2384,0.2547125652466344,0.08158858501658943,0.953066520129042,0.02319063827670093,4.995444922400284,0.229134468949677,0.008428030771504134,0.12845877895568542,0.07996382588658714
194,0.6639407499999975,22258,19874,-2384,0.25558172323195005,0.08156196733982185,0.9561703022279531,0.023177346755658735,5.012714890022314,0.22963250609830468,0.008449213353910644,0.12878361987842274,0.08077330300640906
195,0.6673631249999975,22359,19975,-2384,0.25645287494820823,0.0815361849184985,0.9591797723206927,0.023283435819851345,5.0558342229472855,0.23010226055177754,0.008471359161715286,0.12912346923408885,0.08156743396827389
196,0.6707854999999975,22460,20076,-2384,0.2573254560751612,0.08151104345548195,0.9621878353314455,0.023213011746472306,5.06059462656299,0.2305455189088865,0.008487122482256797,0.12936638076547563,0.08234515585335006
197,0.6742078749999975,22561,20177,-2384,0.25820004880312075,0.08148671390281374,0.9651907841923664,0.023220237300379944,5.082138037154512,0.23096056961605663,0.008502087180106071,0.12959745183694552,0.0831066709273123
198,0.6776302499999974,22662,20278,-2384,0.25907695203290787,0.08146326991062108,0.9681913513188094,0.02319744177283278,5.097005010287334,0.23135874448905622,0.00852348868196525,0.1299269574643732,0.08380730374421222
199,0.6810526249999974,22763,20379,-2384,0.25995713991330693,0.08144099501203138,0.9711940428948855,0.02326641564455286,5.131978616578554,0.21050466328127987,0.008539822968223946,0.1301795211844357,0.08453671543554796
200,0.6844749999999974,22864,20480,-2384,0.26084000045935524,0.08141967359023411,0.9853458740721628,0.02324739423097837,5.147477957804984,0.20947153566983884,0.008558978736519642,0.13047536956432795,0.08524976023107086
